Workbook

Sheet Korting
A1: Invullen SVP
A2: Kortingspercentage 2026 | B2: 0 | D2: Vul aub rechts uw korting in en het btw tarief om op de sheets uw inkoopprijs te berekenen!
A3: BTW tarief | B3: 0.21

Sheet 70
A1: Square 70
A2: Motor (Screenjob LS40) Draaistangbediening | B2: H B | C2: 100 | D2: 120 | E2: 140 | F2: 160 | G2: 180 | H2: 200 | I2: 220 | J2: 240
B3: 100 | C3: =(('70 (2)'!C3/(1+Korting!$B$3)*(1-Korting!$B$2)*Prijsmutaties!$B$9)) -> 310.33112 | D3: =(('70 (2)'!D3/(1+Korting!$B$3)*(1-Korting!$B$2)*Prijsmutaties!$B$9)) -> 328.63974 | E3: =(('70 (2)'!E3/(1+Korting!$B$3)*(1-Korting!$B$2)*Prijsmutaties!$B$9)) -> 352.44095 | F3: =(('70 (2)'!F3/(1+Korting!$B$3)*(1-Korting!$B$2)*Prijsmutaties!$B$9)) -> 372.58043 | G3: =(('70 (2)'!G3/(1+Korting!$B$3)*(1-Korting!$B$2)*Prijsmutaties!$B$9)) -> 392.71991 | H3: =(('70 (2)'!H3/(1+Korting!$B$3)*(1-Korting!$B$2)*Prijsmutaties!$B$9)) -> 409.19767 | I3: =(('70 (2)'!I3/(1+Korting!$B$3)*(1-Korting!$B$2)*Prijsmutaties!$B$9)) -> 435.74517 | J3: =(('70 (2)'!J3/(1+Korting!$B$3)*(1-Korting!$B$2)*Prijsmutaties!$B$9)) -> 455.52672 | K3: 100
B4: 120 | C4: =(('70 (2)'!C4/(1+Korting!$B$3)*(1-Korting!$B$2)*Prijsmutaties!$B$9)) -> 318.57 | D4: =(('70 (2)'!D4/(1+Korting!$B$3)*(1-Korting!$B$2)*Prijsmutaties!$B$9)) -> 338.70948 | E4: =(('70 (2)'!E4/(1+Korting!$B$3)*(1-Korting!$B$2)*Prijsmutaties!$B$9)) -> 360.67983 | F4: =(('70 (2)'!F4/(1+Korting!$B$3)*(1-Korting!$B$2)*Prijsmutaties!$B$9)) -> 378.98845 | G4: =(('70 (2)'!G4/(1+Korting!$B$3)*(1-Korting!$B$2)*Prijsmutaties!$B$9)) -> 399.12793 | H4: =(('70 (2)'!H4/(1+Korting!$B$3)*(1-Korting!$B$2)*Prijsmutaties!$B$9)) -> 415.60569 | I4: =(('70 (2)'!I4/(1+Korting!$B$3)*(1-Korting!$B$2)*Prijsmutaties!$B$9)) -> 445.81492 | J4: =(('70 (2)'!J4/(1+Korting!$B$3)*(1-Korting!$B$2)*Prijsmutaties!$B$9)) -> 463.2969 | K4: 120
B5: 140 | C5: =(('70 (2)'!C5/(1+Korting!$B$3)*(1-Korting!$B$2)*Prijsmutaties!$B$9)) -> 328.63974 | D5: =(('70 (2)'!D5/(1+Korting!$B$3)*(1-Korting!$B$2)*Prijsmutaties!$B$9)) -> 348.77923 | E5: =(('70 (2)'!E5/(1+Korting!$B$3)*(1-Korting!$B$2)*Prijsmutaties!$B$9)) -> 368.91871 | F5: =(('70 (2)'!F5/(1+Korting!$B$3)*(1-Korting!$B$2)*Prijsmutaties!$B$9)) -> 385.39647 | G5: =(('70 (2)'!G5/(1+Korting!$B$3)*(1-Korting!$B$2)*Prijsmutaties!$B$9)) -> 405.53595 | H5: =(('70 (2)'!H5/(1+Korting!$B$3)*(1-Korting!$B$2)*Prijsmutaties!$B$9)) -> 432.99888 | I5: =(('70 (2)'!I5/(1+Korting!$B$3)*(1-Korting!$B$2)*Prijsmutaties!$B$9)) -> 451.3075 | J5: =(('70 (2)'!J5/(1+Korting!$B$3)*(1-Korting!$B$2)*Prijsmutaties!$B$9)) -> 472.03835 | K5: 140
B6: 160 | C6: =(('70 (2)'!C6/(1+Korting!$B$3)*(1-Korting!$B$2)*Prijsmutaties!$B$9)) -> 342.37121 | D6: =(('70 (2)'!D6/(1+Korting!$B$3)*(1-Korting!$B$2)*Prijsmutaties!$B$9)) -> 362.51069 | E6: =(('70 (2)'!E6/(1+Korting!$B$3)*(1-Korting!$B$2)*Prijsmutaties!$B$9)) -> 385.39647 | F6: =(('70 (2)'!F6/(1+Korting!$B$3)*(1-Korting!$B$2)*Prijsmutaties!$B$9)) -> 407.36681 | G6: =(('70 (2)'!G6/(1+Korting!$B$3)*(1-Korting!$B$2)*Prijsmutaties!$B$9)) -> 435.74517 | H6: =(('70 (2)'!H6/(1+Korting!$B$3)*(1-Korting!$B$2)*Prijsmutaties!$B$9)) -> 455.88466 | I6: =(('70 (2)'!I6/(1+Korting!$B$3)*(1-Korting!$B$2)*Prijsmutaties!$B$9)) -> 476.02414 | J6: =(('70 (2)'!J6/(1+Korting!$B$3)*(1-Korting!$B$2)*Prijsmutaties!$B$9)) -> 500.20525 | K6: 160
B7: 180 | C7: =(('70 (2)'!C7/(1+Korting!$B$3)*(1-Korting!$B$2)*Prijsmutaties!$B$9)) -> 355.18724 | D7: =(('70 (2)'!D7/(1+Korting!$B$3)*(1-Korting!$B$2)*Prijsmutaties!$B$9)) -> 380.81931 | E7: =(('70 (2)'!E7/(1+Korting!$B$3)*(1-Korting!$B$2)*Prijsmutaties!$B$9)) -> 402.78966 | F7: =(('70 (2)'!F7/(1+Korting!$B$3)*(1-Korting!$B$2)*Prijsmutaties!$B$9)) -> 432.99888 | G7: =(('70 (2)'!G7/(1+Korting!$B$3)*(1-Korting!$B$2)*Prijsmutaties!$B$9)) -> 455.88466 | H7: =(('70 (2)'!H7/(1+Korting!$B$3)*(1-Korting!$B$2)*Prijsmutaties!$B$9)) -> 476.02414 | I7: =(('70 (2)'!I7/(1+Korting!$B$3)*(1-Korting!$B$2)*Prijsmutaties!$B$9)) -> 499.82535 | J7: =(('70 (2)'!J7/(1+Korting!$B$3)*(1-Korting!$B$2)*Prijsmutaties!$B$9)) -> 528.37215 | K7: 180
B8: 200 | C8: =(('70 (2)'!C8/(1+Korting!$B$3)*(1-Korting!$B$2)*Prijsmutaties!$B$9)) -> 372.58043 | D8: =(('70 (2)'!D8/(1+Korting!$B$3)*(1-Korting!$B$2)*Prijsmutaties!$B$9)) -> 395.46621 | E8: =(('70 (2)'!E8/(1+Korting!$B$3)*(1-Korting!$B$2)*Prijsmutaties!$B$9)) -> 415.60569 | F8: =(('70 (2)'!F8/(1+Korting!$B$3)*(1-Korting!$B$2)*Prijsmutaties!$B$9)) -> 449.47664 | G8: =(('70 (2)'!G8/(1+Korting!$B$3)*(1-Korting!$B$2)*Prijsmutaties!$B$9)) -> 471.44698 | H8: =(('70 (2)'!H8/(1+Korting!$B$3)*(1-Korting!$B$2)*Prijsmutaties!$B$9)) -> 497.99448 | I8: =(('70 (2)'!I8/(1+Korting!$B$3)*(1-Korting!$B$2)*Prijsmutaties!$B$9)) -> 525.45742 | J8: =(('70 (2)'!J8/(1+Korting!$B$3)*(1-Korting!$B$2)*Prijsmutaties!$B$9)) -> 543.91251 | K8: 200
B9: 220 | C9: =(('70 (2)'!C9/(1+Korting!$B$3)*(1-Korting!$B$2)*Prijsmutaties!$B$9)) -> 395.46621 | D9: =(('70 (2)'!D9/(1+Korting!$B$3)*(1-Korting!$B$2)*Prijsmutaties!$B$9)) -> 427.50629 | E9: =(('70 (2)'!E9/(1+Korting!$B$3)*(1-Korting!$B$2)*Prijsmutaties!$B$9)) -> 455.88466 | F9: =(('70 (2)'!F9/(1+Korting!$B$3)*(1-Korting!$B$2)*Prijsmutaties!$B$9)) -> 481.51673 | G9: =(('70 (2)'!G9/(1+Korting!$B$3)*(1-Korting!$B$2)*Prijsmutaties!$B$9)) -> 509.89509 | H9: =(('70 (2)'!H9/(1+Korting!$B$3)*(1-Korting!$B$2)*Prijsmutaties!$B$9)) -> 535.52716 | I9: =(('70 (2)'!I9/(1+Korting!$B$3)*(1-Korting!$B$2)*Prijsmutaties!$B$9)) -> 570.31354 | K9: 220
B10: 240 | C10: =(('70 (2)'!C10/(1+Korting!$B$3)*(1-Korting!$B$2)*Prijsmutaties!$B$9)) -> 399.12793 | D10: =(('70 (2)'!D10/(1+Korting!$B$3)*(1-Korting!$B$2)*Prijsmutaties!$B$9)) -> 435.74517 | E10: =(('70 (2)'!E10/(1+Korting!$B$3)*(1-Korting!$B$2)*Prijsmutaties!$B$9)) -> 463.2081 | F10: =(('70 (2)'!F10/(1+Korting!$B$3)*(1-Korting!$B$2)*Prijsmutaties!$B$9)) -> 489.7556 | G10: =(('70 (2)'!G10/(1+Korting!$B$3)*(1-Korting!$B$2)*Prijsmutaties!$B$9)) -> 519.96483 | H10: =(('70 (2)'!H10/(1+Korting!$B$3)*(1-Korting!$B$2)*Prijsmutaties!$B$9)) -> 543.76604 | K10: 240
B12: H B | C12: 100 | D12: 120 | E12: 140 | F12: 160 | G12: 180 | H12: 200 | I12: 220 | J12: 240
B13: 100 | C13: =(('70 (2)'!C13/(1+Korting!$B$3)*(1-Korting!$B$2)*Prijsmutaties!$B$9)) -> 505.31793 | D13: =(('70 (2)'!D13/(1+Korting!$B$3)*(1-Korting!$B$2)*Prijsmutaties!$B$9)) -> 521.79569 | E13: =(('70 (2)'!E13/(1+Korting!$B$3)*(1-Korting!$B$2)*Prijsmutaties!$B$9)) -> 543.76604 | F13: =(('70 (2)'!F13/(1+Korting!$B$3)*(1-Korting!$B$2)*Prijsmutaties!$B$9)) -> 568.48267 | G13: =(('70 (2)'!G13/(1+Korting!$B$3)*(1-Korting!$B$2)*Prijsmutaties!$B$9)) -> 588.62216 | H13: =(('70 (2)'!H13/(1+Korting!$B$3)*(1-Korting!$B$2)*Prijsmutaties!$B$9)) -> 606.01535 | I13: =(('70 (2)'!I13/(1+Korting!$B$3)*(1-Korting!$B$2)*Prijsmutaties!$B$9)) -> 628.90112 | J13: =(('70 (2)'!J13/(1+Korting!$B$3)*(1-Korting!$B$2)*Prijsmutaties!$B$9)) -> 648.80992 | K13: 100
B14: 120 | C14: =(('70 (2)'!C14/(1+Korting!$B$3)*(1-Korting!$B$2)*Prijsmutaties!$B$9)) -> 513.55681 | D14: =(('70 (2)'!D14/(1+Korting!$B$3)*(1-Korting!$B$2)*Prijsmutaties!$B$9)) -> 531.86543 | E14: =(('70 (2)'!E14/(1+Korting!$B$3)*(1-Korting!$B$2)*Prijsmutaties!$B$9)) -> 552.00492 | F14: =(('70 (2)'!F14/(1+Korting!$B$3)*(1-Korting!$B$2)*Prijsmutaties!$B$9)) -> 575.80612 | G14: =(('70 (2)'!G14/(1+Korting!$B$3)*(1-Korting!$B$2)*Prijsmutaties!$B$9)) -> 594.11474 | H14: =(('70 (2)'!H14/(1+Korting!$B$3)*(1-Korting!$B$2)*Prijsmutaties!$B$9)) -> 614.25423 | I14: =(('70 (2)'!I14/(1+Korting!$B$3)*(1-Korting!$B$2)*Prijsmutaties!$B$9)) -> 634.39371 | J14: =(('70 (2)'!J14/(1+Korting!$B$3)*(1-Korting!$B$2)*Prijsmutaties!$B$9)) -> 654.63755 | K14: 120
B15: 140 | C15: =(('70 (2)'!C15/(1+Korting!$B$3)*(1-Korting!$B$2)*Prijsmutaties!$B$9)) -> 521.79569 | D15: =(('70 (2)'!D15/(1+Korting!$B$3)*(1-Korting!$B$2)*Prijsmutaties!$B$9)) -> 538.27345 | E15: =(('70 (2)'!E15/(1+Korting!$B$3)*(1-Korting!$B$2)*Prijsmutaties!$B$9)) -> 560.24379 | F15: =(('70 (2)'!F15/(1+Korting!$B$3)*(1-Korting!$B$2)*Prijsmutaties!$B$9)) -> 580.38328 | G15: =(('70 (2)'!G15/(1+Korting!$B$3)*(1-Korting!$B$2)*Prijsmutaties!$B$9)) -> 598.6919 | H15: =(('70 (2)'!H15/(1+Korting!$B$3)*(1-Korting!$B$2)*Prijsmutaties!$B$9)) -> 626.15483 | I15: =(('70 (2)'!I15/(1+Korting!$B$3)*(1-Korting!$B$2)*Prijsmutaties!$B$9)) -> 642.63259 | J15: =(('70 (2)'!J15/(1+Korting!$B$3)*(1-Korting!$B$2)*Prijsmutaties!$B$9)) -> 667.26409 | K15: 140
B16: 160 | C16: =(('70 (2)'!C16/(1+Korting!$B$3)*(1-Korting!$B$2)*Prijsmutaties!$B$9)) -> 533.69629 | D16: =(('70 (2)'!D16/(1+Korting!$B$3)*(1-Korting!$B$2)*Prijsmutaties!$B$9)) -> 555.66664 | E16: =(('70 (2)'!E16/(1+Korting!$B$3)*(1-Korting!$B$2)*Prijsmutaties!$B$9)) -> 580.38328 | F16: =(('70 (2)'!F16/(1+Korting!$B$3)*(1-Korting!$B$2)*Prijsmutaties!$B$9)) -> 602.35362 | G16: =(('70 (2)'!G16/(1+Korting!$B$3)*(1-Korting!$B$2)*Prijsmutaties!$B$9)) -> 628.90112 | H16: =(('70 (2)'!H16/(1+Korting!$B$3)*(1-Korting!$B$2)*Prijsmutaties!$B$9)) -> 649.04061 | I16: =(('70 (2)'!I16/(1+Korting!$B$3)*(1-Korting!$B$2)*Prijsmutaties!$B$9)) -> 671.01095 | J16: =(('70 (2)'!J16/(1+Korting!$B$3)*(1-Korting!$B$2)*Prijsmutaties!$B$9)) -> 690.57463 | K16: 160
B17: 180 | C17: =(('70 (2)'!C17/(1+Korting!$B$3)*(1-Korting!$B$2)*Prijsmutaties!$B$9)) -> 545.5969 | D17: =(('70 (2)'!D17/(1+Korting!$B$3)*(1-Korting!$B$2)*Prijsmutaties!$B$9)) -> 578.55242 | E17: =(('70 (2)'!E17/(1+Korting!$B$3)*(1-Korting!$B$2)*Prijsmutaties!$B$9)) -> 595.94561 | F17: =(('70 (2)'!F17/(1+Korting!$B$3)*(1-Korting!$B$2)*Prijsmutaties!$B$9)) -> 626.15483 | G17: =(('70 (2)'!G17/(1+Korting!$B$3)*(1-Korting!$B$2)*Prijsmutaties!$B$9)) -> 649.04061 | H17: =(('70 (2)'!H17/(1+Korting!$B$3)*(1-Korting!$B$2)*Prijsmutaties!$B$9)) -> 671.01095 | I17: =(('70 (2)'!I17/(1+Korting!$B$3)*(1-Korting!$B$2)*Prijsmutaties!$B$9)) -> 691.15043 | J17: =(('70 (2)'!J17/(1+Korting!$B$3)*(1-Korting!$B$2)*Prijsmutaties!$B$9)) -> 725.54043 | K17: 180
B18: 200 | C18: =(('70 (2)'!C18/(1+Korting!$B$3)*(1-Korting!$B$2)*Prijsmutaties!$B$9)) -> 568.48267 | D18: =(('70 (2)'!D18/(1+Korting!$B$3)*(1-Korting!$B$2)*Prijsmutaties!$B$9)) -> 590.45302 | E18: =(('70 (2)'!E18/(1+Korting!$B$3)*(1-Korting!$B$2)*Prijsmutaties!$B$9)) -> 614.25423 | F18: =(('70 (2)'!F18/(1+Korting!$B$3)*(1-Korting!$B$2)*Prijsmutaties!$B$9)) -> 638.97086 | G18: =(('70 (2)'!G18/(1+Korting!$B$3)*(1-Korting!$B$2)*Prijsmutaties!$B$9)) -> 666.4338 | H18: =(('70 (2)'!H18/(1+Korting!$B$3)*(1-Korting!$B$2)*Prijsmutaties!$B$9)) -> 689.31957 | I18: =(('70 (2)'!I18/(1+Korting!$B$3)*(1-Korting!$B$2)*Prijsmutaties!$B$9)) -> 723.19052 | J18: =(('70 (2)'!J18/(1+Korting!$B$3)*(1-Korting!$B$2)*Prijsmutaties!$B$9)) -> 741.08079 | K18: 200
C20: Meerprijs Trend / RAL kleuren
B21: B | C21: 100 | D21: 120 | E21: 140 | F21: 160 | G21: 180 | H21: 200 | I21: 220 | J21: 240
B22: RAL | C22: =(('70 (2)'!C22/(1+Korting!$B$3)*(1-Korting!$B$2)*Prijsmutaties!$B$9)) -> 198.13956 | D22: =(('70 (2)'!D22/(1+Korting!$B$3)*(1-Korting!$B$2)*Prijsmutaties!$B$9)) -> 198.13956 | E22: =(('70 (2)'!E22/(1+Korting!$B$3)*(1-Korting!$B$2)*Prijsmutaties!$B$9)) -> 198.13956 | F22: =(('70 (2)'!F22/(1+Korting!$B$3)*(1-Korting!$B$2)*Prijsmutaties!$B$9)) -> 198.13956 | G22: =(('70 (2)'!G22/(1+Korting!$B$3)*(1-Korting!$B$2)*Prijsmutaties!$B$9)) -> 198.13956 | H22: =(('70 (2)'!H22/(1+Korting!$B$3)*(1-Korting!$B$2)*Prijsmutaties!$B$9)) -> 254.47335 | I22: =(('70 (2)'!I22/(1+Korting!$B$3)*(1-Korting!$B$2)*Prijsmutaties!$B$9)) -> 254.47335 | J22: =(('70 (2)'!J22/(1+Korting!$B$3)*(1-Korting!$B$2)*Prijsmutaties!$B$9)) -> 254.47335
B23: Trend | C23: =(('70 (2)'!C23/(1+Korting!$B$3)*(1-Korting!$B$2)*Prijsmutaties!$B$9)) -> 99.069778 | D23: =(('70 (2)'!D23/(1+Korting!$B$3)*(1-Korting!$B$2)*Prijsmutaties!$B$9)) -> 99.069778 | E23: =(('70 (2)'!E23/(1+Korting!$B$3)*(1-Korting!$B$2)*Prijsmutaties!$B$9)) -> 99.069778 | F23: =(('70 (2)'!F23/(1+Korting!$B$3)*(1-Korting!$B$2)*Prijsmutaties!$B$9)) -> 99.069778 | G23: =(('70 (2)'!G23/(1+Korting!$B$3)*(1-Korting!$B$2)*Prijsmutaties!$B$9)) -> 99.069778 | H23: =(('70 (2)'!H23/(1+Korting!$B$3)*(1-Korting!$B$2)*Prijsmutaties!$B$9)) -> 127.23668 | I23: =(('70 (2)'!I23/(1+Korting!$B$3)*(1-Korting!$B$2)*Prijsmutaties!$B$9)) -> 127.23668 | J23: =(('70 (2)'!J23/(1+Korting!$B$3)*(1-Korting!$B$2)*Prijsmutaties!$B$9)) -> 127.23668
A25: Veelgekozen opties
A27: Sunea io 40 16 rpm (meerprijs t.o.v. motor) | H27: =(('70 (2)'!H27/(1+Korting!$B$3)*(1-Korting!$B$2)*Prijsmutaties!$G$9)) -> 169.45388
A28: Situo 1 io handzender | H28: =(('70 (2)'!H28/(1+Korting!$B$3)*(1-Korting!$B$2)*Prijsmutaties!$G$9)) -> 63.094529
A29: Sunfix systeem draaistangbediening | H29: =(('70 (2)'!H29/(1+Korting!$B$3)*(1-Korting!$B$2)*Prijsmutaties!$G$9)) -> 55.883726
A30: Sunfix elektrisch inclusief Sunfix schakelaar | H30: =(('70 (2)'!H30/(1+Korting!$B$3)*(1-Korting!$B$2)*Prijsmutaties!$G$9)) -> 197.39574
A31: Minderprijs bandbediening (t.o.v. tabel draaistangbediening) -/-* | H31: =(('70 (2)'!H31/(1+Korting!$B$3)*(1-Korting!$B$2)*Prijsmutaties!$G$9)) -> -51.376974
B32: * Max. H = 200 cm

Sheet 85&100 (2)
A1: Square 85/100 Carré 85/100 (alleen elektrisch)
C2: H B | D2: 100 | E2: 120 | F2: 140 | G2: 160 | H2: 180 | I2: 200 | J2: 220 | K2: 240 | L2: 260 | M2: 280 | O2: 300 | P2: 320 | Q2: 340 | R2: 360 | S2: 380 | T2: 400
C3: 100 | D3: 360.98021 | E3: 388.31291 | F3: 409.04807 | G3: 440.1508 | H3: 464.65598 | I3: 487.27615 | J3: 514.60886 | K3: 540.99906 | L3: 559.8492 | M3: 591 | O3: 613.5721 | P3: 637.13478 | Q3: 668.23751 | R3: 688.97267 | S3: 711.59284 | T3: 744.58058 | U3: 100
C4: 120 | D4: 373.2328 | E4: 396.79548 | F4: 419.41565 | G4: 450.51838 | H4: 473.13855 | I4: 495.75872 | J4: 523.09142 | K4: 547.59661 | L4: 574.92931 | M4: 604 | O4: 623.93968 | P4: 649.38737 | Q4: 673.89255 | R4: 703.11027 | S4: 725.73044 | T4: 754.94816 | U4: 120
C5: 140 | D5: 379.83035 | E5: 407.16305 | F5: 425.07069 | G5: 459.00094 | H5: 481.62111 | I5: 508.01131 | J5: 530.63148 | K5: 554.19416 | L5: 587.1819 | M5: 612 | O5: 634.30726 | P5: 657.86993 | Q5: 684.26013 | R5: 711.59284 | S5: 737.98303 | T5: 763.43073 | U5: 140
C6: 160 | D6: 396.79548 | E6: 421.30066 | F6: 459.00094 | G6: 479.7361 | H6: 506.1263 | I6: 535.34402 | J6: 557.96418 | K6: 590.95193 | L6: 613.5721 | M6: 647 | O6: 670.12253 | P6: 694.62771 | Q6: 725.73044 | R6: 754.94816 | S6: 777.56833 | T6: 810.55608 | U6: 160
C7: 180 | D7: 410.93308 | E7: 442.03582 | F7: 473.13855 | G7: 502.35627 | H7: 524.97644 | I7: 551.36664 | J7: 587.1819 | K7: 611.68709 | L7: 640.90481 | M7: 670 | O7: 699.34025 | P7: 727.61546 | Q7: 758.71819 | R7: 786.0509 | S7: 815.26861 | T7: 839.7738 | U7: 180
C8: 200 | D8: 421.30066 | E8: 459.00094 | F8: 485.39114 | G8: 514.60886 | H8: 543.82658 | I8: 574.92931 | J8: 606.03205 | K8: 634.30726 | L8: 668.23751 | M8: 691 | O8: 723.84543 | P8: 753.06315 | Q8: 777.56833 | R8: 813.3836 | S8: 837.88878 | T8: 872.76155 | U8: 200
C9: 220 | D9: 459.00094 | E9: 485.39114 | F9: 520.2639 | G9: 549.48162 | H9: 587.1819 | I9: 616.39962 | J9: 649.38737 | K9: 684.26013 | L9: 711.59284 | M9: 753 | O9: 779.45335 | P9: 815.26861 | Q9: 848.25636 | R9: 881.24411 | S9: 0 | T9: 0 | U9: 220
C10: 240 | D10: 462.77097 | E10: 491.98869 | F10: 524.97644 | G10: 557.96418 | H10: 595.66447 | I10: 628.65221 | J10: 657.86993 | K10: 694.62771 | L10: 727.61546 | M10: 763 | O10: 794.53346 | P10: 827.52121 | Q10: 0 | R10: 0 | S10: 0 | T10: 0 | U10: 240
C11: 260 | D11: 487.27615 | E11: 523.09142 | F11: 557.96418 | G11: 603.20452 | H11: 634.30726 | I11: 670.12253 | J11: 706.8803 | K11: 748.35061 | L11: 777.56833 | M11: 819 | O11: 854.85391 | P11: 0 | Q11: 0 | R11: 0 | S11: 0 | T11: 0 | U11: 260
C12: 280 | D12: 495.75872 | E12: 535.34402 | F12: 568.33176 | G12: 609.80207 | H12: 647.50236 | I12: 682.37512 | J12: 715.36287 | K12: 756.83318 | L12: 792.64844 | M12: 828 | O12: 0 | P12: 0 | Q12: 0 | R12: 0 | S12: 0 | T12: 0 | U12: 280
C14: H B | D14: 100 | E14: 120 | F14: 140 | G14: 160 | H14: 180 | I14: 200 | J14: 220 | K14: 240 | L14: 260 | M14: 280 | O14: 300 | P14: 320 | Q14: 340 | R14: 360 | S14: 380 | T14: 400
C15: 100 | D15: 557.96418 | E15: 590.95193 | F15: 609.80207 | G15: 637.13478 | H15: 661.63996 | I15: 688.97267 | J15: 711.59284 | K15: 744.58058 | L15: 763.43073 | M15: 788 | O15: 815.26861 | P15: 836.00377 | Q15: 868.99152 | R15: 889.72667 | S15: 914.23186 | T15: 939.67955 | U15: 100
C16: 120 | D16: 572.10179 | E16: 597.54948 | F16: 620.16965 | G16: 649.38737 | H16: 672.00754 | I16: 694.62771 | J16: 717.24788 | K16: 751.17813 | L16: 773.7983 | M16: 801 | O16: 820.92366 | P16: 848.25636 | Q16: 875.58907 | R16: 903.86428 | S16: 922.71442 | T16: 951.93214 | U16: 120
C17: 140 | D17: 576.81433 | E17: 607.91706 | F17: 628.65221 | G17: 653.1574 | H17: 682.37512 | I17: 706.8803 | J17: 732.32799 | K17: 756.83318 | L17: 786.0509 | M17: 813 | O17: 834.11876 | P17: 858.62394 | Q17: 881.24411 | R17: 914.23186 | S17: 934.96701 | T17: 962.29972 | U17: 140
C18: 160 | D18: 597.54948 | E18: 623.93968 | F18: 653.1574 | G18: 675.77757 | H18: 704.99529 | I18: 737.98303 | J18: 758.71819 | K18: 787.93591 | L18: 815.26861 | M18: 842 | O18: 870.87653 | P18: 896.32422 | Q18: 922.71442 | R18: 951.93214 | S18: 979.26484 | T18: 1010.3676 | U18: 160
C19: 180 | D19: 611.68709 | E19: 640.90481 | F19: 672.00754 | G19: 699.34025 | H19: 723.84543 | I19: 754.94816 | J19: 786.0509 | K19: 813.3836 | L19: 837.88878 | M19: 871 | O19: 900.09425 | P19: 929.31197 | Q19: 960.4147 | R19: 983.03487 | S19: 1016.0226 | T19: 1043.3553 | U19: 180
C20: 200 | D20: 623.93968 | E20: 653.1574 | F20: 686.14515 | G20: 711.59284 | H20: 746.4656 | I20: 773.7983 | J20: 803.01602 | K20: 834.11876 | L20: 868.99152 | M20: 892 | O20: 920.82941 | P20: 950.04713 | Q20: 979.26484 | R20: 1012.2526 | S20: 1040.5278 | T20: 1074.4581 | U20: 200
C21: 220 | D21: 653.1574 | E21: 686.14515 | F21: 715.36287 | G21: 753.06315 | H21: 786.0509 | I21: 817.15363 | J21: 848.25636 | K21: 881.24411 | L21: 914.23186 | M21: 950 | O21: 981.14986 | P21: 1016.0226 | Q21: 1047.1254 | R21: 1081.9981 | S21: 0 | T21: 0 | U21: 220
C22: 240 | D22: 657.86993 | E22: 692.7427 | F22: 723.84543 | G22: 758.71819 | H22: 794.53346 | I22: 827.52121 | J22: 858.62394 | K22: 896.32422 | L22: 929.31197 | M22: 962 | O22: 991.51744 | P22: 1032.9877 | Q22: 0 | R22: 0 | S22: 0 | T22: 0 | U22: 240
C23: 260 | D23: 688.97267 | E23: 717.24788 | F23: 758.71819 | G23: 800.1885 | H23: 834.11876 | I23: 870.87653 | J23: 910.46183 | K23: 943.44958 | L23: 979.26484 | M23: 1020 | O23: 1055.6079 | P23: 0 | Q23: 0 | R23: 0 | S23: 0 | T23: 0 | U23: 260
C24: 280 | D24: 694.62771 | E24: 737.98303 | F24: 769.08577 | G24: 810.55608 | H24: 841.65881 | I24: 879.3591 | J24: 917.05938 | K24: 953.81715 | L24: 989.63242 | M24: 1033 | O24: 0 | P24: 0 | Q24: 0 | R24: 0 | S24: 0 | T24: 0 | U24: 280
D26: Meerprijs Trend / RAL kleuren
C27: B | D27: 100 | E27: 120 | F27: 140 | G27: 160 | H27: 180 | I27: 200 | J27: 220 | K27: 240 | L27: 260 | M27: 280 | O27: 300 | P27: 320 | Q27: 340 | R27: 360 | S27: 380 | T27: 400
C28: RAL | D28: 203.58153 | E28: 203.58153 | F28: 203.58153 | G28: 203.58153 | H28: 203.58153 | I28: 262.01697 | J28: 262.01697 | K28: 262.01697 | L28: 262.01697 | M28: 262.02 | O28: 319.5099 | P28: 319.5099 | Q28: 319.5099 | R28: 319.5099 | S28: 319.5099 | T28: 377.94533
C29: Trend | D29: 101.79076 | E29: 101.79076 | F29: 101.79076 | G29: 101.79076 | H29: 101.79076 | I29: 131.00848 | J29: 131.00848 | K29: 131.00848 | L29: 131.00848 | M29: 131.01 | O29: 159.75495 | P29: 159.75495 | Q29: 159.75495 | R29: 159.75495 | S29: 159.75495 | T29: 188.97267
A31: Let op: vanaf hoogte 230 cm is kast 100 nodig.
A32: Veelgekozen opties
A33: Solar uitvoering incl. 1-kanaals handzender op Carré 100 | L33: 274
A34: LT 50 32 rpm (meerprijs t.o.v. motor) | L34: 90
A35: Sunilus io 17 rpm (meerprijs t.o.v. motor) | L35: 182.5
A36: Maestria io 32 rpm (meerprijs t.o.v. motor) | L36: 197
A37: Sunfix systeem draaistangbediening | L37: 62
A38: Sunfix elektrisch (inclusief Maestria io) | L38: 274
A39: Situo 1 io handzender | L39: 70
A40: Minderprijs bandbediening (t.o.v. tabel draaistangbediening) -/- | L40: -57

Sheet 70 (2)
A1: Square 70
A2: Motor (Screenjob LS40) Draaistangbediening | B2: H B | C2: 100 | D2: 120 | E2: 140 | F2: 160 | G2: 180 | H2: 200 | I2: 220 | J2: 240
B3: 100 | C3: 319.5099 | D3: 338.36004 | E3: 362.86522 | F3: 383.60038 | G3: 404.33553 | H3: 421.30066 | I3: 448.63336 | J3: 469 | L3: 100
B4: 120 | C4: 327.99246 | D4: 348.72762 | E4: 371.34779 | F4: 390.19793 | G4: 410.93308 | H4: 427.89821 | I4: 459.00094 | J4: 477 | L4: 120
B5: 140 | C5: 338.36004 | D5: 359.09519 | E5: 379.83035 | F5: 396.79548 | G5: 417.53063 | H5: 445.80584 | I5: 464.65598 | J5: 486 | L5: 140
B6: 160 | C6: 352.49764 | D6: 373.2328 | E6: 396.79548 | F6: 419.41565 | G6: 448.63336 | H6: 469.36852 | I6: 490.10368 | J6: 515 | L6: 160
B7: 180 | C7: 365.69274 | D7: 392.08294 | E7: 414.70311 | F7: 445.80584 | G7: 469.36852 | H7: 490.10368 | I7: 514.60886 | J7: 544 | L7: 180
B8: 200 | C8: 383.60038 | D8: 407.16305 | E8: 427.89821 | F8: 462.77097 | G8: 485.39114 | H8: 512.72385 | I8: 540.99906 | J8: 560 | L8: 200
B9: 220 | C9: 407.16305 | D9: 440.1508 | E9: 469.36852 | F9: 495.75872 | G9: 524.97644 | H9: 551.36664 | I9: 587.1819 | L9: 220
B10: 240 | C10: 410.93308 | D10: 448.63336 | E10: 476.90858 | F10: 504.24128 | G10: 535.34402 | H10: 559.8492 | I10: 0 | L10: 240
B12: H B | C12: 100 | D12: 120 | E12: 140 | F12: 160 | G12: 180 | H12: 200 | I12: 220 | J12: 240
B13: 100 | C13: 520.2639 | D13: 537.22903 | E13: 559.8492 | F13: 585.29689 | G13: 606.03205 | H13: 623.93968 | I13: 647.50236 | J13: 668 | L13: 100
B14: 120 | C14: 528.74647 | D14: 547.59661 | E14: 568.33176 | F14: 592.83695 | G14: 611.68709 | H14: 632.42224 | I14: 653.1574 | J14: 674 | L14: 120
B15: 140 | C15: 537.22903 | D15: 554.19416 | E15: 576.81433 | F15: 597.54948 | G15: 616.39962 | H15: 644.67484 | I15: 661.63996 | J15: 687 | L15: 140
B16: 160 | C16: 549.48162 | D16: 572.10179 | E16: 597.54948 | F16: 620.16965 | G16: 647.50236 | H16: 668.23751 | I16: 690.85768 | J16: 711 | L16: 160
B17: 180 | C17: 561.73421 | D17: 595.66447 | E17: 613.5721 | F17: 644.67484 | G17: 668.23751 | H17: 690.85768 | I17: 711.59284 | J17: 747 | L17: 180
B18: 200 | C18: 585.29689 | D18: 607.91706 | E18: 632.42224 | F18: 657.86993 | G18: 686.14515 | H18: 709.70782 | I18: 744.58058 | J18: 763 | L18: 200
C20: Meerprijs Trend / RAL kleuren
B21: B | C21: 100 | D21: 120 | E21: 140 | F21: 160 | G21: 180 | H21: 200 | I21: 220 | J21: 240
B22: RAL | C22: 204 | D22: 204 | E22: 204 | F22: 204 | G22: 204 | H22: 262 | I22: 262 | J22: 262
B23: Trend | C23: 102 | D23: 102 | E23: 102 | F23: 102 | G23: 102 | H23: 131 | I23: 131 | J23: 131
K24: 76
A25: Veelgekozen opties
A27: Sunea io 40 16 rpm (meerprijs t.o.v. motor) | H27: 188
A28: Situo 1 io handzender | H28: 70
A29: Sunfix systeem draaistangbediening | H29: 62
A30: Sunfix elektrisch inclusief Sunfix schakelaar | H30: 219
A31: Minderprijs bandbediening (t.o.v. tabel draaistangbediening) -/- | H31: -57

Sheet 85&100
A1: Square 85/100 Carré 85/100 (alleen elektrisch)
A2: Motor (LT50 12 RPM) Draaistangbediening | C2: H B | D2: 100 | E2: 120 | F2: 140 | G2: 160 | H2: 180 | I2: 200 | J2: 220 | K2: 240 | L2: 260 | M2: 280 | N2: 300 | O2: 320 | P2: 340 | Q2: 360 | R2: 380 | S2: 400
C3: 100 | D3: =(('85&100 (2)'!D3/(1+Korting!$B$3)*(1-Korting!$B$2)*Prijsmutaties!$B$9)) -> 350.61009 | E3: =(('85&100 (2)'!E3/(1+Korting!$B$3)*(1-Korting!$B$2)*Prijsmutaties!$B$9)) -> 377.15759 | F3: =(('85&100 (2)'!F3/(1+Korting!$B$3)*(1-Korting!$B$2)*Prijsmutaties!$B$9)) -> 397.29707 | G3: =(('85&100 (2)'!G3/(1+Korting!$B$3)*(1-Korting!$B$2)*Prijsmutaties!$B$9)) -> 427.50629 | H3: =(('85&100 (2)'!H3/(1+Korting!$B$3)*(1-Korting!$B$2)*Prijsmutaties!$B$9)) -> 451.3075 | I3: =(('85&100 (2)'!I3/(1+Korting!$B$3)*(1-Korting!$B$2)*Prijsmutaties!$B$9)) -> 473.27785 | J3: =(('85&100 (2)'!J3/(1+Korting!$B$3)*(1-Korting!$B$2)*Prijsmutaties!$B$9)) -> 499.82535 | K3: =(('85&100 (2)'!K3/(1+Korting!$B$3)*(1-Korting!$B$2)*Prijsmutaties!$B$9)) -> 525.45742 | ... M3: =(('85&100 (2)'!M3/(1+Korting!$B$3)*(1-Korting!$B$2)*Prijsmutaties!$B$9)) -> 574.02195 | N3: =(('85&100 (2)'!O3/(1+Korting!$B$3)*(1-Korting!$B$2)*Prijsmutaties!$B$9)) -> 595.94561 | O3: =(('85&100 (2)'!P3/(1+Korting!$B$3)*(1-Korting!$B$2)*Prijsmutaties!$B$9)) -> 618.83138 | P3: =(('85&100 (2)'!Q3/(1+Korting!$B$3)*(1-Korting!$B$2)*Prijsmutaties!$B$9)) -> 649.04061 | Q3: =(('85&100 (2)'!R3/(1+Korting!$B$3)*(1-Korting!$B$2)*Prijsmutaties!$B$9)) -> 669.18009 | R3: =(('85&100 (2)'!S3/(1+Korting!$B$3)*(1-Korting!$B$2)*Prijsmutaties!$B$9)) -> 691.15043 | S3: =(('85&100 (2)'!T3/(1+Korting!$B$3)*(1-Korting!$B$2)*Prijsmutaties!$B$9)) -> 723.19052 | T3: 100
C4: 120 | D4: =(('85&100 (2)'!D4/(1+Korting!$B$3)*(1-Korting!$B$2)*Prijsmutaties!$B$9)) -> 362.51069 | E4: =(('85&100 (2)'!E4/(1+Korting!$B$3)*(1-Korting!$B$2)*Prijsmutaties!$B$9)) -> 385.39647 | F4: =(('85&100 (2)'!F4/(1+Korting!$B$3)*(1-Korting!$B$2)*Prijsmutaties!$B$9)) -> 407.36681 | G4: =(('85&100 (2)'!G4/(1+Korting!$B$3)*(1-Korting!$B$2)*Prijsmutaties!$B$9)) -> 437.57604 | H4: =(('85&100 (2)'!H4/(1+Korting!$B$3)*(1-Korting!$B$2)*Prijsmutaties!$B$9)) -> 459.54638 | I4: =(('85&100 (2)'!I4/(1+Korting!$B$3)*(1-Korting!$B$2)*Prijsmutaties!$B$9)) -> 481.51673 | J4: =(('85&100 (2)'!J4/(1+Korting!$B$3)*(1-Korting!$B$2)*Prijsmutaties!$B$9)) -> 508.06423 | K4: =(('85&100 (2)'!K4/(1+Korting!$B$3)*(1-Korting!$B$2)*Prijsmutaties!$B$9)) -> 531.86543 | ... M4: =(('85&100 (2)'!M4/(1+Korting!$B$3)*(1-Korting!$B$2)*Prijsmutaties!$B$9)) -> 586.64849 | N4: =(('85&100 (2)'!O4/(1+Korting!$B$3)*(1-Korting!$B$2)*Prijsmutaties!$B$9)) -> 606.01535 | O4: =(('85&100 (2)'!P4/(1+Korting!$B$3)*(1-Korting!$B$2)*Prijsmutaties!$B$9)) -> 630.73198 | P4: =(('85&100 (2)'!Q4/(1+Korting!$B$3)*(1-Korting!$B$2)*Prijsmutaties!$B$9)) -> 654.53319 | Q4: =(('85&100 (2)'!R4/(1+Korting!$B$3)*(1-Korting!$B$2)*Prijsmutaties!$B$9)) -> 682.91155 | R4: =(('85&100 (2)'!S4/(1+Korting!$B$3)*(1-Korting!$B$2)*Prijsmutaties!$B$9)) -> 704.8819 | S4: =(('85&100 (2)'!T4/(1+Korting!$B$3)*(1-Korting!$B$2)*Prijsmutaties!$B$9)) -> 733.26026 | T4: 120
C5: 140 | D5: =(('85&100 (2)'!D5/(1+Korting!$B$3)*(1-Korting!$B$2)*Prijsmutaties!$B$9)) -> 368.91871 | E5: =(('85&100 (2)'!E5/(1+Korting!$B$3)*(1-Korting!$B$2)*Prijsmutaties!$B$9)) -> 395.46621 | F5: =(('85&100 (2)'!F5/(1+Korting!$B$3)*(1-Korting!$B$2)*Prijsmutaties!$B$9)) -> 412.8594 | G5: =(('85&100 (2)'!G5/(1+Korting!$B$3)*(1-Korting!$B$2)*Prijsmutaties!$B$9)) -> 445.81492 | H5: =(('85&100 (2)'!H5/(1+Korting!$B$3)*(1-Korting!$B$2)*Prijsmutaties!$B$9)) -> 467.78526 | I5: =(('85&100 (2)'!I5/(1+Korting!$B$3)*(1-Korting!$B$2)*Prijsmutaties!$B$9)) -> 493.41733 | J5: =(('85&100 (2)'!J5/(1+Korting!$B$3)*(1-Korting!$B$2)*Prijsmutaties!$B$9)) -> 515.38767 | K5: =(('85&100 (2)'!K5/(1+Korting!$B$3)*(1-Korting!$B$2)*Prijsmutaties!$B$9)) -> 538.27345 | ... M5: =(('85&100 (2)'!M5/(1+Korting!$B$3)*(1-Korting!$B$2)*Prijsmutaties!$B$9)) -> 594.41867 | N5: =(('85&100 (2)'!O5/(1+Korting!$B$3)*(1-Korting!$B$2)*Prijsmutaties!$B$9)) -> 616.08509 | O5: =(('85&100 (2)'!P5/(1+Korting!$B$3)*(1-Korting!$B$2)*Prijsmutaties!$B$9)) -> 638.97086 | P5: =(('85&100 (2)'!Q5/(1+Korting!$B$3)*(1-Korting!$B$2)*Prijsmutaties!$B$9)) -> 664.60293 | Q5: =(('85&100 (2)'!R5/(1+Korting!$B$3)*(1-Korting!$B$2)*Prijsmutaties!$B$9)) -> 691.15043 | R5: =(('85&100 (2)'!S5/(1+Korting!$B$3)*(1-Korting!$B$2)*Prijsmutaties!$B$9)) -> 716.7825 | S5: =(('85&100 (2)'!T5/(1+Korting!$B$3)*(1-Korting!$B$2)*Prijsmutaties!$B$9)) -> 741.49914 | T5: 140
C6: 160 | D6: =(('85&100 (2)'!D6/(1+Korting!$B$3)*(1-Korting!$B$2)*Prijsmutaties!$B$9)) -> 385.39647 | E6: =(('85&100 (2)'!E6/(1+Korting!$B$3)*(1-Korting!$B$2)*Prijsmutaties!$B$9)) -> 409.19767 | F6: =(('85&100 (2)'!F6/(1+Korting!$B$3)*(1-Korting!$B$2)*Prijsmutaties!$B$9)) -> 445.81492 | G6: =(('85&100 (2)'!G6/(1+Korting!$B$3)*(1-Korting!$B$2)*Prijsmutaties!$B$9)) -> 465.9544 | H6: =(('85&100 (2)'!H6/(1+Korting!$B$3)*(1-Korting!$B$2)*Prijsmutaties!$B$9)) -> 491.58647 | I6: =(('85&100 (2)'!I6/(1+Korting!$B$3)*(1-Korting!$B$2)*Prijsmutaties!$B$9)) -> 519.96483 | J6: =(('85&100 (2)'!J6/(1+Korting!$B$3)*(1-Korting!$B$2)*Prijsmutaties!$B$9)) -> 541.93517 | K6: =(('85&100 (2)'!K6/(1+Korting!$B$3)*(1-Korting!$B$2)*Prijsmutaties!$B$9)) -> 573.97526 | ... M6: =(('85&100 (2)'!M6/(1+Korting!$B$3)*(1-Korting!$B$2)*Prijsmutaties!$B$9)) -> 628.4132 | N6: =(('85&100 (2)'!O6/(1+Korting!$B$3)*(1-Korting!$B$2)*Prijsmutaties!$B$9)) -> 650.87147 | O6: =(('85&100 (2)'!P6/(1+Korting!$B$3)*(1-Korting!$B$2)*Prijsmutaties!$B$9)) -> 674.67267 | P6: =(('85&100 (2)'!Q6/(1+Korting!$B$3)*(1-Korting!$B$2)*Prijsmutaties!$B$9)) -> 704.8819 | Q6: =(('85&100 (2)'!R6/(1+Korting!$B$3)*(1-Korting!$B$2)*Prijsmutaties!$B$9)) -> 733.26026 | R6: =(('85&100 (2)'!S6/(1+Korting!$B$3)*(1-Korting!$B$2)*Prijsmutaties!$B$9)) -> 755.23061 | S6: =(('85&100 (2)'!T6/(1+Korting!$B$3)*(1-Korting!$B$2)*Prijsmutaties!$B$9)) -> 787.27069 | T6: 160
C7: 180 | D7: =(('85&100 (2)'!D7/(1+Korting!$B$3)*(1-Korting!$B$2)*Prijsmutaties!$B$9)) -> 399.12793 | E7: =(('85&100 (2)'!E7/(1+Korting!$B$3)*(1-Korting!$B$2)*Prijsmutaties!$B$9)) -> 429.33716 | F7: =(('85&100 (2)'!F7/(1+Korting!$B$3)*(1-Korting!$B$2)*Prijsmutaties!$B$9)) -> 459.54638 | G7: =(('85&100 (2)'!G7/(1+Korting!$B$3)*(1-Korting!$B$2)*Prijsmutaties!$B$9)) -> 487.92474 | H7: =(('85&100 (2)'!H7/(1+Korting!$B$3)*(1-Korting!$B$2)*Prijsmutaties!$B$9)) -> 509.89509 | I7: =(('85&100 (2)'!I7/(1+Korting!$B$3)*(1-Korting!$B$2)*Prijsmutaties!$B$9)) -> 535.52716 | J7: =(('85&100 (2)'!J7/(1+Korting!$B$3)*(1-Korting!$B$2)*Prijsmutaties!$B$9)) -> 570.31354 | K7: =(('85&100 (2)'!K7/(1+Korting!$B$3)*(1-Korting!$B$2)*Prijsmutaties!$B$9)) -> 594.11474 | ... M7: =(('85&100 (2)'!M7/(1+Korting!$B$3)*(1-Korting!$B$2)*Prijsmutaties!$B$9)) -> 650.75246 | N7: =(('85&100 (2)'!O7/(1+Korting!$B$3)*(1-Korting!$B$2)*Prijsmutaties!$B$9)) -> 679.24983 | O7: =(('85&100 (2)'!P7/(1+Korting!$B$3)*(1-Korting!$B$2)*Prijsmutaties!$B$9)) -> 706.71276 | P7: =(('85&100 (2)'!Q7/(1+Korting!$B$3)*(1-Korting!$B$2)*Prijsmutaties!$B$9)) -> 736.92199 | Q7: =(('85&100 (2)'!R7/(1+Korting!$B$3)*(1-Korting!$B$2)*Prijsmutaties!$B$9)) -> 763.46949 | R7: =(('85&100 (2)'!S7/(1+Korting!$B$3)*(1-Korting!$B$2)*Prijsmutaties!$B$9)) -> 791.84785 | S7: =(('85&100 (2)'!T7/(1+Korting!$B$3)*(1-Korting!$B$2)*Prijsmutaties!$B$9)) -> 815.64905 | T7: 180
C8: 200 | D8: =(('85&100 (2)'!D8/(1+Korting!$B$3)*(1-Korting!$B$2)*Prijsmutaties!$B$9)) -> 409.19767 | E8: =(('85&100 (2)'!E8/(1+Korting!$B$3)*(1-Korting!$B$2)*Prijsmutaties!$B$9)) -> 445.81492 | F8: =(('85&100 (2)'!F8/(1+Korting!$B$3)*(1-Korting!$B$2)*Prijsmutaties!$B$9)) -> 471.44698 | G8: =(('85&100 (2)'!G8/(1+Korting!$B$3)*(1-Korting!$B$2)*Prijsmutaties!$B$9)) -> 499.82535 | H8: =(('85&100 (2)'!H8/(1+Korting!$B$3)*(1-Korting!$B$2)*Prijsmutaties!$B$9)) -> 528.20371 | I8: =(('85&100 (2)'!I8/(1+Korting!$B$3)*(1-Korting!$B$2)*Prijsmutaties!$B$9)) -> 558.41293 | J8: =(('85&100 (2)'!J8/(1+Korting!$B$3)*(1-Korting!$B$2)*Prijsmutaties!$B$9)) -> 588.62216 | K8: =(('85&100 (2)'!K8/(1+Korting!$B$3)*(1-Korting!$B$2)*Prijsmutaties!$B$9)) -> 616.08509 | ... M8: =(('85&100 (2)'!M8/(1+Korting!$B$3)*(1-Korting!$B$2)*Prijsmutaties!$B$9)) -> 671.14918 | N8: =(('85&100 (2)'!O8/(1+Korting!$B$3)*(1-Korting!$B$2)*Prijsmutaties!$B$9)) -> 703.05104 | O8: =(('85&100 (2)'!P8/(1+Korting!$B$3)*(1-Korting!$B$2)*Prijsmutaties!$B$9)) -> 731.4294 | P8: =(('85&100 (2)'!Q8/(1+Korting!$B$3)*(1-Korting!$B$2)*Prijsmutaties!$B$9)) -> 755.23061 | Q8: =(('85&100 (2)'!R8/(1+Korting!$B$3)*(1-Korting!$B$2)*Prijsmutaties!$B$9)) -> 790.01699 | R8: =(('85&100 (2)'!S8/(1+Korting!$B$3)*(1-Korting!$B$2)*Prijsmutaties!$B$9)) -> 813.81819 | S8: =(('85&100 (2)'!T8/(1+Korting!$B$3)*(1-Korting!$B$2)*Prijsmutaties!$B$9)) -> 847.68914 | T8: 200
C9: 220 | D9: =(('85&100 (2)'!D9/(1+Korting!$B$3)*(1-Korting!$B$2)*Prijsmutaties!$B$9)) -> 445.81492 | E9: =(('85&100 (2)'!E9/(1+Korting!$B$3)*(1-Korting!$B$2)*Prijsmutaties!$B$9)) -> 471.44698 | F9: =(('85&100 (2)'!F9/(1+Korting!$B$3)*(1-Korting!$B$2)*Prijsmutaties!$B$9)) -> 505.31793 | G9: =(('85&100 (2)'!G9/(1+Korting!$B$3)*(1-Korting!$B$2)*Prijsmutaties!$B$9)) -> 533.69629 | H9: =(('85&100 (2)'!H9/(1+Korting!$B$3)*(1-Korting!$B$2)*Prijsmutaties!$B$9)) -> 570.31354 | I9: =(('85&100 (2)'!I9/(1+Korting!$B$3)*(1-Korting!$B$2)*Prijsmutaties!$B$9)) -> 598.6919 | J9: =(('85&100 (2)'!J9/(1+Korting!$B$3)*(1-Korting!$B$2)*Prijsmutaties!$B$9)) -> 630.73198 | K9: =(('85&100 (2)'!K9/(1+Korting!$B$3)*(1-Korting!$B$2)*Prijsmutaties!$B$9)) -> 664.60293 | ... M9: =(('85&100 (2)'!M9/(1+Korting!$B$3)*(1-Korting!$B$2)*Prijsmutaties!$B$9)) -> 731.36806 | N9: =(('85&100 (2)'!O9/(1+Korting!$B$3)*(1-Korting!$B$2)*Prijsmutaties!$B$9)) -> 757.06147 | O9: =(('85&100 (2)'!P9/(1+Korting!$B$3)*(1-Korting!$B$2)*Prijsmutaties!$B$9)) -> 791.84785 | P9: =(('85&100 (2)'!Q9/(1+Korting!$B$3)*(1-Korting!$B$2)*Prijsmutaties!$B$9)) -> 823.88793 | Q9: =(('85&100 (2)'!R9/(1+Korting!$B$3)*(1-Korting!$B$2)*Prijsmutaties!$B$9)) -> 855.92802 | T9: 220
C10: 240 | D10: =(('85&100 (2)'!D10/(1+Korting!$B$3)*(1-Korting!$B$2)*Prijsmutaties!$B$9)) -> 449.47664 | E10: =(('85&100 (2)'!E10/(1+Korting!$B$3)*(1-Korting!$B$2)*Prijsmutaties!$B$9)) -> 477.855 | F10: =(('85&100 (2)'!F10/(1+Korting!$B$3)*(1-Korting!$B$2)*Prijsmutaties!$B$9)) -> 509.89509 | G10: =(('85&100 (2)'!G10/(1+Korting!$B$3)*(1-Korting!$B$2)*Prijsmutaties!$B$9)) -> 541.93517 | H10: =(('85&100 (2)'!H10/(1+Korting!$B$3)*(1-Korting!$B$2)*Prijsmutaties!$B$9)) -> 578.55242 | I10: =(('85&100 (2)'!I10/(1+Korting!$B$3)*(1-Korting!$B$2)*Prijsmutaties!$B$9)) -> 610.5925 | J10: =(('85&100 (2)'!J10/(1+Korting!$B$3)*(1-Korting!$B$2)*Prijsmutaties!$B$9)) -> 638.97086 | K10: =(('85&100 (2)'!K10/(1+Korting!$B$3)*(1-Korting!$B$2)*Prijsmutaties!$B$9)) -> 674.67267 | ... M10: =(('85&100 (2)'!M10/(1+Korting!$B$3)*(1-Korting!$B$2)*Prijsmutaties!$B$9)) -> 741.08079 | N10: =(('85&100 (2)'!O10/(1+Korting!$B$3)*(1-Korting!$B$2)*Prijsmutaties!$B$9)) -> 771.70836 | O10: =(('85&100 (2)'!P10/(1+Korting!$B$3)*(1-Korting!$B$2)*Prijsmutaties!$B$9)) -> 803.74845 | T10: 240
C11: 260 | D11: =(('85&100 (2)'!D11/(1+Korting!$B$3)*(1-Korting!$B$2)*Prijsmutaties!$B$9)) -> 473.27785 | E11: =(('85&100 (2)'!E11/(1+Korting!$B$3)*(1-Korting!$B$2)*Prijsmutaties!$B$9)) -> 508.06423 | F11: =(('85&100 (2)'!F11/(1+Korting!$B$3)*(1-Korting!$B$2)*Prijsmutaties!$B$9)) -> 541.93517 | G11: =(('85&100 (2)'!G11/(1+Korting!$B$3)*(1-Korting!$B$2)*Prijsmutaties!$B$9)) -> 585.87586 | H11: =(('85&100 (2)'!H11/(1+Korting!$B$3)*(1-Korting!$B$2)*Prijsmutaties!$B$9)) -> 616.08509 | I11: =(('85&100 (2)'!I11/(1+Korting!$B$3)*(1-Korting!$B$2)*Prijsmutaties!$B$9)) -> 650.87147 | J11: =(('85&100 (2)'!J11/(1+Korting!$B$3)*(1-Korting!$B$2)*Prijsmutaties!$B$9)) -> 686.57328 | K11: =(('85&100 (2)'!K11/(1+Korting!$B$3)*(1-Korting!$B$2)*Prijsmutaties!$B$9)) -> 726.85224 | ... M11: =(('85&100 (2)'!M11/(1+Korting!$B$3)*(1-Korting!$B$2)*Prijsmutaties!$B$9)) -> 795.47204 | N11: =(('85&100 (2)'!O11/(1+Korting!$B$3)*(1-Korting!$B$2)*Prijsmutaties!$B$9)) -> 830.29595 | T11: 260
C12: 280 | D12: =(('85&100 (2)'!D12/(1+Korting!$B$3)*(1-Korting!$B$2)*Prijsmutaties!$B$9)) -> 481.51673 | E12: =(('85&100 (2)'!E12/(1+Korting!$B$3)*(1-Korting!$B$2)*Prijsmutaties!$B$9)) -> 519.96483 | F12: =(('85&100 (2)'!F12/(1+Korting!$B$3)*(1-Korting!$B$2)*Prijsmutaties!$B$9)) -> 552.00492 | G12: =(('85&100 (2)'!G12/(1+Korting!$B$3)*(1-Korting!$B$2)*Prijsmutaties!$B$9)) -> 592.28388 | H12: =(('85&100 (2)'!H12/(1+Korting!$B$3)*(1-Korting!$B$2)*Prijsmutaties!$B$9)) -> 628.90112 | I12: =(('85&100 (2)'!I12/(1+Korting!$B$3)*(1-Korting!$B$2)*Prijsmutaties!$B$9)) -> 662.77207 | J12: =(('85&100 (2)'!J12/(1+Korting!$B$3)*(1-Korting!$B$2)*Prijsmutaties!$B$9)) -> 694.81216 | K12: =(('85&100 (2)'!K12/(1+Korting!$B$3)*(1-Korting!$B$2)*Prijsmutaties!$B$9)) -> 735.09112 | ... M12: =(('85&100 (2)'!M12/(1+Korting!$B$3)*(1-Korting!$B$2)*Prijsmutaties!$B$9)) -> 804.21349 | T12: 280
C14: H B | D14: 100 | E14: 120 | F14: 140 | G14: 160 | H14: 180 | I14: 200 | J14: 220 | K14: 240 | L14: 260 | M14: 280 | N14: 300 | O14: 320 | P14: 340 | Q14: 360 | R14: 380 | S14: 400
C15: 100 | D15: =(('85&100 (2)'!D15/(1+Korting!$B$3)*(1-Korting!$B$2)*Prijsmutaties!$B$9)) -> 541.93517 | E15: =(('85&100 (2)'!E15/(1+Korting!$B$3)*(1-Korting!$B$2)*Prijsmutaties!$B$9)) -> 573.97526 | F15: =(('85&100 (2)'!F15/(1+Korting!$B$3)*(1-Korting!$B$2)*Prijsmutaties!$B$9)) -> 592.28388 | G15: =(('85&100 (2)'!G15/(1+Korting!$B$3)*(1-Korting!$B$2)*Prijsmutaties!$B$9)) -> 618.83138 | H15: =(('85&100 (2)'!H15/(1+Korting!$B$3)*(1-Korting!$B$2)*Prijsmutaties!$B$9)) -> 642.63259 | I15: =(('85&100 (2)'!I15/(1+Korting!$B$3)*(1-Korting!$B$2)*Prijsmutaties!$B$9)) -> 669.18009 | J15: =(('85&100 (2)'!J15/(1+Korting!$B$3)*(1-Korting!$B$2)*Prijsmutaties!$B$9)) -> 691.15043 | K15: =(('85&100 (2)'!K15/(1+Korting!$B$3)*(1-Korting!$B$2)*Prijsmutaties!$B$9)) -> 723.19052 | ... M15: =(('85&100 (2)'!M15/(1+Korting!$B$3)*(1-Korting!$B$2)*Prijsmutaties!$B$9)) -> 765.3626 | N15: =(('85&100 (2)'!O15/(1+Korting!$B$3)*(1-Korting!$B$2)*Prijsmutaties!$B$9)) -> 791.84785 | O15: =(('85&100 (2)'!P15/(1+Korting!$B$3)*(1-Korting!$B$2)*Prijsmutaties!$B$9)) -> 811.98733 | P15: =(('85&100 (2)'!Q15/(1+Korting!$B$3)*(1-Korting!$B$2)*Prijsmutaties!$B$9)) -> 844.02742 | Q15: =(('85&100 (2)'!R15/(1+Korting!$B$3)*(1-Korting!$B$2)*Prijsmutaties!$B$9)) -> 864.1669 | R15: =(('85&100 (2)'!S15/(1+Korting!$B$3)*(1-Korting!$B$2)*Prijsmutaties!$B$9)) -> 887.96811 | S15: =(('85&100 (2)'!T15/(1+Korting!$B$3)*(1-Korting!$B$2)*Prijsmutaties!$B$9)) -> 912.68474 | T15: 100
C16: 120 | D16: =(('85&100 (2)'!D16/(1+Korting!$B$3)*(1-Korting!$B$2)*Prijsmutaties!$B$9)) -> 555.66664 | E16: =(('85&100 (2)'!E16/(1+Korting!$B$3)*(1-Korting!$B$2)*Prijsmutaties!$B$9)) -> 580.38328 | F16: =(('85&100 (2)'!F16/(1+Korting!$B$3)*(1-Korting!$B$2)*Prijsmutaties!$B$9)) -> 602.35362 | G16: =(('85&100 (2)'!G16/(1+Korting!$B$3)*(1-Korting!$B$2)*Prijsmutaties!$B$9)) -> 630.73198 | H16: =(('85&100 (2)'!H16/(1+Korting!$B$3)*(1-Korting!$B$2)*Prijsmutaties!$B$9)) -> 652.70233 | I16: =(('85&100 (2)'!I16/(1+Korting!$B$3)*(1-Korting!$B$2)*Prijsmutaties!$B$9)) -> 674.67267 | J16: =(('85&100 (2)'!J16/(1+Korting!$B$3)*(1-Korting!$B$2)*Prijsmutaties!$B$9)) -> 696.64302 | K16: =(('85&100 (2)'!K16/(1+Korting!$B$3)*(1-Korting!$B$2)*Prijsmutaties!$B$9)) -> 729.59854 | ... M16: =(('85&100 (2)'!M16/(1+Korting!$B$3)*(1-Korting!$B$2)*Prijsmutaties!$B$9)) -> 777.98914 | N16: =(('85&100 (2)'!O16/(1+Korting!$B$3)*(1-Korting!$B$2)*Prijsmutaties!$B$9)) -> 797.34043 | O16: =(('85&100 (2)'!P16/(1+Korting!$B$3)*(1-Korting!$B$2)*Prijsmutaties!$B$9)) -> 823.88793 | P16: =(('85&100 (2)'!Q16/(1+Korting!$B$3)*(1-Korting!$B$2)*Prijsmutaties!$B$9)) -> 850.43543 | Q16: =(('85&100 (2)'!R16/(1+Korting!$B$3)*(1-Korting!$B$2)*Prijsmutaties!$B$9)) -> 877.89836 | R16: =(('85&100 (2)'!S16/(1+Korting!$B$3)*(1-Korting!$B$2)*Prijsmutaties!$B$9)) -> 896.20699 | S16: =(('85&100 (2)'!T16/(1+Korting!$B$3)*(1-Korting!$B$2)*Prijsmutaties!$B$9)) -> 924.58535 | T16: 120
C17: 140 | D17: =(('85&100 (2)'!D17/(1+Korting!$B$3)*(1-Korting!$B$2)*Prijsmutaties!$B$9)) -> 560.24379 | E17: =(('85&100 (2)'!E17/(1+Korting!$B$3)*(1-Korting!$B$2)*Prijsmutaties!$B$9)) -> 590.45302 | F17: =(('85&100 (2)'!F17/(1+Korting!$B$3)*(1-Korting!$B$2)*Prijsmutaties!$B$9)) -> 610.5925 | G17: =(('85&100 (2)'!G17/(1+Korting!$B$3)*(1-Korting!$B$2)*Prijsmutaties!$B$9)) -> 634.39371 | H17: =(('85&100 (2)'!H17/(1+Korting!$B$3)*(1-Korting!$B$2)*Prijsmutaties!$B$9)) -> 662.77207 | I17: =(('85&100 (2)'!I17/(1+Korting!$B$3)*(1-Korting!$B$2)*Prijsmutaties!$B$9)) -> 686.57328 | J17: =(('85&100 (2)'!J17/(1+Korting!$B$3)*(1-Korting!$B$2)*Prijsmutaties!$B$9)) -> 711.28992 | K17: =(('85&100 (2)'!K17/(1+Korting!$B$3)*(1-Korting!$B$2)*Prijsmutaties!$B$9)) -> 735.09112 | ... M17: =(('85&100 (2)'!M17/(1+Korting!$B$3)*(1-Korting!$B$2)*Prijsmutaties!$B$9)) -> 789.6444 | N17: =(('85&100 (2)'!O17/(1+Korting!$B$3)*(1-Korting!$B$2)*Prijsmutaties!$B$9)) -> 810.15647 | O17: =(('85&100 (2)'!P17/(1+Korting!$B$3)*(1-Korting!$B$2)*Prijsmutaties!$B$9)) -> 833.95767 | P17: =(('85&100 (2)'!Q17/(1+Korting!$B$3)*(1-Korting!$B$2)*Prijsmutaties!$B$9)) -> 855.92802 | Q17: =(('85&100 (2)'!R17/(1+Korting!$B$3)*(1-Korting!$B$2)*Prijsmutaties!$B$9)) -> 887.96811 | R17: =(('85&100 (2)'!S17/(1+Korting!$B$3)*(1-Korting!$B$2)*Prijsmutaties!$B$9)) -> 908.10759 | S17: =(('85&100 (2)'!T17/(1+Korting!$B$3)*(1-Korting!$B$2)*Prijsmutaties!$B$9)) -> 934.65509 | T17: 140
C18: 160 | D18: =(('85&100 (2)'!D18/(1+Korting!$B$3)*(1-Korting!$B$2)*Prijsmutaties!$B$9)) -> 580.38328 | E18: =(('85&100 (2)'!E18/(1+Korting!$B$3)*(1-Korting!$B$2)*Prijsmutaties!$B$9)) -> 606.01535 | F18: =(('85&100 (2)'!F18/(1+Korting!$B$3)*(1-Korting!$B$2)*Prijsmutaties!$B$9)) -> 634.39371 | G18: =(('85&100 (2)'!G18/(1+Korting!$B$3)*(1-Korting!$B$2)*Prijsmutaties!$B$9)) -> 656.36405 | H18: =(('85&100 (2)'!H18/(1+Korting!$B$3)*(1-Korting!$B$2)*Prijsmutaties!$B$9)) -> 684.74242 | I18: =(('85&100 (2)'!I18/(1+Korting!$B$3)*(1-Korting!$B$2)*Prijsmutaties!$B$9)) -> 716.7825 | J18: =(('85&100 (2)'!J18/(1+Korting!$B$3)*(1-Korting!$B$2)*Prijsmutaties!$B$9)) -> 736.92199 | K18: =(('85&100 (2)'!K18/(1+Korting!$B$3)*(1-Korting!$B$2)*Prijsmutaties!$B$9)) -> 765.30035 | ... M18: =(('85&100 (2)'!M18/(1+Korting!$B$3)*(1-Korting!$B$2)*Prijsmutaties!$B$9)) -> 817.8113 | N18: =(('85&100 (2)'!O18/(1+Korting!$B$3)*(1-Korting!$B$2)*Prijsmutaties!$B$9)) -> 845.85828 | O18: =(('85&100 (2)'!P18/(1+Korting!$B$3)*(1-Korting!$B$2)*Prijsmutaties!$B$9)) -> 870.57492 | P18: =(('85&100 (2)'!Q18/(1+Korting!$B$3)*(1-Korting!$B$2)*Prijsmutaties!$B$9)) -> 896.20699 | Q18: =(('85&100 (2)'!R18/(1+Korting!$B$3)*(1-Korting!$B$2)*Prijsmutaties!$B$9)) -> 924.58535 | R18: =(('85&100 (2)'!S18/(1+Korting!$B$3)*(1-Korting!$B$2)*Prijsmutaties!$B$9)) -> 951.13285 | S18: =(('85&100 (2)'!T18/(1+Korting!$B$3)*(1-Korting!$B$2)*Prijsmutaties!$B$9)) -> 981.34207 | T18: 160
C19: 180 | D19: =(('85&100 (2)'!D19/(1+Korting!$B$3)*(1-Korting!$B$2)*Prijsmutaties!$B$9)) -> 594.11474 | E19: =(('85&100 (2)'!E19/(1+Korting!$B$3)*(1-Korting!$B$2)*Prijsmutaties!$B$9)) -> 622.49311 | F19: =(('85&100 (2)'!F19/(1+Korting!$B$3)*(1-Korting!$B$2)*Prijsmutaties!$B$9)) -> 652.70233 | G19: =(('85&100 (2)'!G19/(1+Korting!$B$3)*(1-Korting!$B$2)*Prijsmutaties!$B$9)) -> 679.24983 | H19: =(('85&100 (2)'!H19/(1+Korting!$B$3)*(1-Korting!$B$2)*Prijsmutaties!$B$9)) -> 703.05104 | I19: =(('85&100 (2)'!I19/(1+Korting!$B$3)*(1-Korting!$B$2)*Prijsmutaties!$B$9)) -> 733.26026 | J19: =(('85&100 (2)'!J19/(1+Korting!$B$3)*(1-Korting!$B$2)*Prijsmutaties!$B$9)) -> 763.46949 | K19: =(('85&100 (2)'!K19/(1+Korting!$B$3)*(1-Korting!$B$2)*Prijsmutaties!$B$9)) -> 790.01699 | ... M19: =(('85&100 (2)'!M19/(1+Korting!$B$3)*(1-Korting!$B$2)*Prijsmutaties!$B$9)) -> 845.9782 | N19: =(('85&100 (2)'!O19/(1+Korting!$B$3)*(1-Korting!$B$2)*Prijsmutaties!$B$9)) -> 874.23664 | O19: =(('85&100 (2)'!P19/(1+Korting!$B$3)*(1-Korting!$B$2)*Prijsmutaties!$B$9)) -> 902.615 | P19: =(('85&100 (2)'!Q19/(1+Korting!$B$3)*(1-Korting!$B$2)*Prijsmutaties!$B$9)) -> 932.82423 | Q19: =(('85&100 (2)'!R19/(1+Korting!$B$3)*(1-Korting!$B$2)*Prijsmutaties!$B$9)) -> 954.79457 | R19: =(('85&100 (2)'!S19/(1+Korting!$B$3)*(1-Korting!$B$2)*Prijsmutaties!$B$9)) -> 986.83466 | S19: =(('85&100 (2)'!T19/(1+Korting!$B$3)*(1-Korting!$B$2)*Prijsmutaties!$B$9)) -> 1013.3822 | T19: 180
C20: 200 | D20: =(('85&100 (2)'!D20/(1+Korting!$B$3)*(1-Korting!$B$2)*Prijsmutaties!$B$9)) -> 606.01535 | E20: =(('85&100 (2)'!E20/(1+Korting!$B$3)*(1-Korting!$B$2)*Prijsmutaties!$B$9)) -> 634.39371 | F20: =(('85&100 (2)'!F20/(1+Korting!$B$3)*(1-Korting!$B$2)*Prijsmutaties!$B$9)) -> 666.4338 | G20: =(('85&100 (2)'!G20/(1+Korting!$B$3)*(1-Korting!$B$2)*Prijsmutaties!$B$9)) -> 691.15043 | H20: =(('85&100 (2)'!H20/(1+Korting!$B$3)*(1-Korting!$B$2)*Prijsmutaties!$B$9)) -> 725.02138 | I20: =(('85&100 (2)'!I20/(1+Korting!$B$3)*(1-Korting!$B$2)*Prijsmutaties!$B$9)) -> 751.56888 | J20: =(('85&100 (2)'!J20/(1+Korting!$B$3)*(1-Korting!$B$2)*Prijsmutaties!$B$9)) -> 779.94724 | K20: =(('85&100 (2)'!K20/(1+Korting!$B$3)*(1-Korting!$B$2)*Prijsmutaties!$B$9)) -> 810.15647 | ... M20: =(('85&100 (2)'!M20/(1+Korting!$B$3)*(1-Korting!$B$2)*Prijsmutaties!$B$9)) -> 866.37492 | N20: =(('85&100 (2)'!O20/(1+Korting!$B$3)*(1-Korting!$B$2)*Prijsmutaties!$B$9)) -> 894.37612 | O20: =(('85&100 (2)'!P20/(1+Korting!$B$3)*(1-Korting!$B$2)*Prijsmutaties!$B$9)) -> 922.75449 | P20: =(('85&100 (2)'!Q20/(1+Korting!$B$3)*(1-Korting!$B$2)*Prijsmutaties!$B$9)) -> 951.13285 | Q20: =(('85&100 (2)'!R20/(1+Korting!$B$3)*(1-Korting!$B$2)*Prijsmutaties!$B$9)) -> 983.17293 | R20: =(('85&100 (2)'!S20/(1+Korting!$B$3)*(1-Korting!$B$2)*Prijsmutaties!$B$9)) -> 1010.6359 | S20: =(('85&100 (2)'!T20/(1+Korting!$B$3)*(1-Korting!$B$2)*Prijsmutaties!$B$9)) -> 1043.5914 | T20: 200
C21: 220 | D21: =(('85&100 (2)'!D21/(1+Korting!$B$3)*(1-Korting!$B$2)*Prijsmutaties!$B$9)) -> 634.39371 | E21: =(('85&100 (2)'!E21/(1+Korting!$B$3)*(1-Korting!$B$2)*Prijsmutaties!$B$9)) -> 666.4338 | F21: =(('85&100 (2)'!F21/(1+Korting!$B$3)*(1-Korting!$B$2)*Prijsmutaties!$B$9)) -> 694.81216 | G21: =(('85&100 (2)'!G21/(1+Korting!$B$3)*(1-Korting!$B$2)*Prijsmutaties!$B$9)) -> 731.4294 | H21: =(('85&100 (2)'!H21/(1+Korting!$B$3)*(1-Korting!$B$2)*Prijsmutaties!$B$9)) -> 763.46949 | I21: =(('85&100 (2)'!I21/(1+Korting!$B$3)*(1-Korting!$B$2)*Prijsmutaties!$B$9)) -> 793.67871 | J21: =(('85&100 (2)'!J21/(1+Korting!$B$3)*(1-Korting!$B$2)*Prijsmutaties!$B$9)) -> 823.88793 | K21: =(('85&100 (2)'!K21/(1+Korting!$B$3)*(1-Korting!$B$2)*Prijsmutaties!$B$9)) -> 855.92802 | ... M21: =(('85&100 (2)'!M21/(1+Korting!$B$3)*(1-Korting!$B$2)*Prijsmutaties!$B$9)) -> 922.70871 | N21: =(('85&100 (2)'!O21/(1+Korting!$B$3)*(1-Korting!$B$2)*Prijsmutaties!$B$9)) -> 952.96371 | O21: =(('85&100 (2)'!P21/(1+Korting!$B$3)*(1-Korting!$B$2)*Prijsmutaties!$B$9)) -> 986.83466 | P21: =(('85&100 (2)'!Q21/(1+Korting!$B$3)*(1-Korting!$B$2)*Prijsmutaties!$B$9)) -> 1017.0439 | Q21: =(('85&100 (2)'!R21/(1+Korting!$B$3)*(1-Korting!$B$2)*Prijsmutaties!$B$9)) -> 1050.9148 | T21: 220
C22: 240 | D22: =(('85&100 (2)'!D22/(1+Korting!$B$3)*(1-Korting!$B$2)*Prijsmutaties!$B$9)) -> 638.97086 | E22: =(('85&100 (2)'!E22/(1+Korting!$B$3)*(1-Korting!$B$2)*Prijsmutaties!$B$9)) -> 672.84181 | F22: =(('85&100 (2)'!F22/(1+Korting!$B$3)*(1-Korting!$B$2)*Prijsmutaties!$B$9)) -> 703.05104 | G22: =(('85&100 (2)'!G22/(1+Korting!$B$3)*(1-Korting!$B$2)*Prijsmutaties!$B$9)) -> 736.92199 | H22: =(('85&100 (2)'!H22/(1+Korting!$B$3)*(1-Korting!$B$2)*Prijsmutaties!$B$9)) -> 771.70836 | I22: =(('85&100 (2)'!I22/(1+Korting!$B$3)*(1-Korting!$B$2)*Prijsmutaties!$B$9)) -> 803.74845 | J22: =(('85&100 (2)'!J22/(1+Korting!$B$3)*(1-Korting!$B$2)*Prijsmutaties!$B$9)) -> 833.95767 | K22: =(('85&100 (2)'!K22/(1+Korting!$B$3)*(1-Korting!$B$2)*Prijsmutaties!$B$9)) -> 870.57492 | ... M22: =(('85&100 (2)'!M22/(1+Korting!$B$3)*(1-Korting!$B$2)*Prijsmutaties!$B$9)) -> 934.36398 | N22: =(('85&100 (2)'!O22/(1+Korting!$B$3)*(1-Korting!$B$2)*Prijsmutaties!$B$9)) -> 963.03345 | O22: =(('85&100 (2)'!P22/(1+Korting!$B$3)*(1-Korting!$B$2)*Prijsmutaties!$B$9)) -> 1003.3124 | T22: 240
C23: 260 | D23: =(('85&100 (2)'!D23/(1+Korting!$B$3)*(1-Korting!$B$2)*Prijsmutaties!$B$9)) -> 669.18009 | E23: =(('85&100 (2)'!E23/(1+Korting!$B$3)*(1-Korting!$B$2)*Prijsmutaties!$B$9)) -> 696.64302 | F23: =(('85&100 (2)'!F23/(1+Korting!$B$3)*(1-Korting!$B$2)*Prijsmutaties!$B$9)) -> 736.92199 | G23: =(('85&100 (2)'!G23/(1+Korting!$B$3)*(1-Korting!$B$2)*Prijsmutaties!$B$9)) -> 777.20095 | H23: =(('85&100 (2)'!H23/(1+Korting!$B$3)*(1-Korting!$B$2)*Prijsmutaties!$B$9)) -> 810.15647 | I23: =(('85&100 (2)'!I23/(1+Korting!$B$3)*(1-Korting!$B$2)*Prijsmutaties!$B$9)) -> 845.85828 | J23: =(('85&100 (2)'!J23/(1+Korting!$B$3)*(1-Korting!$B$2)*Prijsmutaties!$B$9)) -> 884.30638 | K23: =(('85&100 (2)'!K23/(1+Korting!$B$3)*(1-Korting!$B$2)*Prijsmutaties!$B$9)) -> 916.34647 | ... M23: =(('85&100 (2)'!M23/(1+Korting!$B$3)*(1-Korting!$B$2)*Prijsmutaties!$B$9)) -> 990.69778 | N23: =(('85&100 (2)'!O23/(1+Korting!$B$3)*(1-Korting!$B$2)*Prijsmutaties!$B$9)) -> 1025.2828 | T23: 260
C24: 280 | D24: =(('85&100 (2)'!D24/(1+Korting!$B$3)*(1-Korting!$B$2)*Prijsmutaties!$B$9)) -> 674.67267 | E24: =(('85&100 (2)'!E24/(1+Korting!$B$3)*(1-Korting!$B$2)*Prijsmutaties!$B$9)) -> 716.7825 | F24: =(('85&100 (2)'!F24/(1+Korting!$B$3)*(1-Korting!$B$2)*Prijsmutaties!$B$9)) -> 746.99173 | G24: =(('85&100 (2)'!G24/(1+Korting!$B$3)*(1-Korting!$B$2)*Prijsmutaties!$B$9)) -> 787.27069 | H24: =(('85&100 (2)'!H24/(1+Korting!$B$3)*(1-Korting!$B$2)*Prijsmutaties!$B$9)) -> 817.47992 | I24: =(('85&100 (2)'!I24/(1+Korting!$B$3)*(1-Korting!$B$2)*Prijsmutaties!$B$9)) -> 854.09716 | J24: =(('85&100 (2)'!J24/(1+Korting!$B$3)*(1-Korting!$B$2)*Prijsmutaties!$B$9)) -> 890.7144 | K24: =(('85&100 (2)'!K24/(1+Korting!$B$3)*(1-Korting!$B$2)*Prijsmutaties!$B$9)) -> 926.41621 | ... M24: =(('85&100 (2)'!M24/(1+Korting!$B$3)*(1-Korting!$B$2)*Prijsmutaties!$B$9)) -> 1003.3243 | T24: 280
D26: Meerprijs Trend / RAL kleuren
C27: B | D27: 100 | E27: 120 | F27: 140 | G27: 160 | H27: 180 | I27: 200 | J27: 220 | K27: 240 | L27: 260 | M27: 280 | N27: 300 | O27: 320 | P27: 340 | Q27: 360 | R27: 380 | S27: 400
C28: RAL | D28: =(('85&100 (2)'!D28/(1+Korting!$B$3)*(1-Korting!$B$2)*Prijsmutaties!$B$9)) -> 197.7331 | E28: =(('85&100 (2)'!E28/(1+Korting!$B$3)*(1-Korting!$B$2)*Prijsmutaties!$B$9)) -> 197.7331 | F28: =(('85&100 (2)'!F28/(1+Korting!$B$3)*(1-Korting!$B$2)*Prijsmutaties!$B$9)) -> 197.7331 | G28: =(('85&100 (2)'!G28/(1+Korting!$B$3)*(1-Korting!$B$2)*Prijsmutaties!$B$9)) -> 197.7331 | H28: =(('85&100 (2)'!H28/(1+Korting!$B$3)*(1-Korting!$B$2)*Prijsmutaties!$B$9)) -> 197.7331 | I28: =(('85&100 (2)'!I28/(1+Korting!$B$3)*(1-Korting!$B$2)*Prijsmutaties!$B$9)) -> 254.48983 | J28: =(('85&100 (2)'!J28/(1+Korting!$B$3)*(1-Korting!$B$2)*Prijsmutaties!$B$9)) -> 254.48983 | K28: =(('85&100 (2)'!K28/(1+Korting!$B$3)*(1-Korting!$B$2)*Prijsmutaties!$B$9)) -> 254.48983 | ... M28: =(('85&100 (2)'!M28/(1+Korting!$B$3)*(1-Korting!$B$2)*Prijsmutaties!$B$9)) -> 254.49278 | N28: =(('85&100 (2)'!O28/(1+Korting!$B$3)*(1-Korting!$B$2)*Prijsmutaties!$B$9)) -> 310.33112 | O28: =(('85&100 (2)'!P28/(1+Korting!$B$3)*(1-Korting!$B$2)*Prijsmutaties!$B$9)) -> 310.33112 | P28: =(('85&100 (2)'!Q28/(1+Korting!$B$3)*(1-Korting!$B$2)*Prijsmutaties!$B$9)) -> 310.33112 | Q28: =(('85&100 (2)'!R28/(1+Korting!$B$3)*(1-Korting!$B$2)*Prijsmutaties!$B$9)) -> 310.33112 | R28: =(('85&100 (2)'!S28/(1+Korting!$B$3)*(1-Korting!$B$2)*Prijsmutaties!$B$9)) -> 310.33112 | S28: =(('85&100 (2)'!T28/(1+Korting!$B$3)*(1-Korting!$B$2)*Prijsmutaties!$B$9)) -> 367.08785
C29: Trend | D29: =(('85&100 (2)'!D29/(1+Korting!$B$3)*(1-Korting!$B$2)*Prijsmutaties!$B$9)) -> 98.866552 | E29: =(('85&100 (2)'!E29/(1+Korting!$B$3)*(1-Korting!$B$2)*Prijsmutaties!$B$9)) -> 98.866552 | F29: =(('85&100 (2)'!F29/(1+Korting!$B$3)*(1-Korting!$B$2)*Prijsmutaties!$B$9)) -> 98.866552 | G29: =(('85&100 (2)'!G29/(1+Korting!$B$3)*(1-Korting!$B$2)*Prijsmutaties!$B$9)) -> 98.866552 | H29: =(('85&100 (2)'!H29/(1+Korting!$B$3)*(1-Korting!$B$2)*Prijsmutaties!$B$9)) -> 98.866552 | I29: =(('85&100 (2)'!I29/(1+Korting!$B$3)*(1-Korting!$B$2)*Prijsmutaties!$B$9)) -> 127.24491 | J29: =(('85&100 (2)'!J29/(1+Korting!$B$3)*(1-Korting!$B$2)*Prijsmutaties!$B$9)) -> 127.24491 | K29: =(('85&100 (2)'!K29/(1+Korting!$B$3)*(1-Korting!$B$2)*Prijsmutaties!$B$9)) -> 127.24491 | ... M29: =(('85&100 (2)'!M29/(1+Korting!$B$3)*(1-Korting!$B$2)*Prijsmutaties!$B$9)) -> 127.24639 | N29: =(('85&100 (2)'!O29/(1+Korting!$B$3)*(1-Korting!$B$2)*Prijsmutaties!$B$9)) -> 155.16556 | O29: =(('85&100 (2)'!P29/(1+Korting!$B$3)*(1-Korting!$B$2)*Prijsmutaties!$B$9)) -> 155.16556 | P29: =(('85&100 (2)'!Q29/(1+Korting!$B$3)*(1-Korting!$B$2)*Prijsmutaties!$B$9)) -> 155.16556 | Q29: =(('85&100 (2)'!R29/(1+Korting!$B$3)*(1-Korting!$B$2)*Prijsmutaties!$B$9)) -> 155.16556 | R29: =(('85&100 (2)'!S29/(1+Korting!$B$3)*(1-Korting!$B$2)*Prijsmutaties!$B$9)) -> 155.16556 | S29: =(('85&100 (2)'!T29/(1+Korting!$B$3)*(1-Korting!$B$2)*Prijsmutaties!$B$9)) -> 183.54392
C31: Let op: Hoger dan 220 cm, automatisch kast 100
A33: Veelgekozen opties
A34: Solar uitvoering Brel incl. 1-kanaals handzender op Carré 100 | L34: =(('85&100 (2)'!L33/(1+Korting!$B$3)*(1-Korting!$B$2)*Prijsmutaties!$G$9)) -> 246.97001 | M34: =(('85&100 (2)'!M33/(1+Korting!$B$3)*(1-Korting!$B$2))) -> 0
A35: LT 50 32 rpm (meerprijs t.o.v. motor) | L35: =(('85&100 (2)'!L34/(1+Korting!$B$3)*(1-Korting!$B$2)*Prijsmutaties!$G$9)) -> 81.121537 | M35: =(('85&100 (2)'!M34/(1+Korting!$B$3)*(1-Korting!$B$2))) -> 0
A36: Sunilus io 17 rpm (meerprijs t.o.v. motor) | L36: =(('85&100 (2)'!L35/(1+Korting!$B$3)*(1-Korting!$B$2)*Prijsmutaties!$G$9)) -> 164.49645 | M36: =(('85&100 (2)'!M35/(1+Korting!$B$3)*(1-Korting!$B$2))) -> 0
A37: Maestria io 32 rpm (meerprijs t.o.v. motor) | L37: =(('85&100 (2)'!L36/(1+Korting!$B$3)*(1-Korting!$B$2)*Prijsmutaties!$G$9)) -> 177.56603 | M37: =(('85&100 (2)'!M36/(1+Korting!$B$3)*(1-Korting!$B$2))) -> 0
A38: Sunfix systeem draaistangbediening | L38: =(('85&100 (2)'!L37/(1+Korting!$B$3)*(1-Korting!$B$2)*Prijsmutaties!$G$9)) -> 55.883726 | M38: =(('85&100 (2)'!M37/(1+Korting!$B$3)*(1-Korting!$B$2))) -> 0
A39: Sunfix elektrisch (inclusief Maestria io) | L39: =(('85&100 (2)'!L38/(1+Korting!$B$3)*(1-Korting!$B$2)*Prijsmutaties!$G$9)) -> 246.97001 | M39: =(('85&100 (2)'!M38/(1+Korting!$B$3)*(1-Korting!$B$2))) -> 0
A40: Situo 1 io handzender | L40: =(('85&100 (2)'!L39/(1+Korting!$B$3)*(1-Korting!$B$2)*Prijsmutaties!$G$9)) -> 63.094529 | M40: =(('85&100 (2)'!M39/(1+Korting!$B$3)*(1-Korting!$B$2))) -> 0
A41: Minderprijs bandbediening* (t.o.v. tabel draaistangbediening) -/- | L41: =(('85&100 (2)'!L40/(1+Korting!$B$3)*(1-Korting!$B$2)*Prijsmutaties!$G$9)) -> -51.376974 | M41: =(('85&100 (2)'!M40/(1+Korting!$B$3)*(1-Korting!$B$2))) -> 0
C42: * Max. H = 250 cm / B = 340 cm / 6m2

Sheet Zip 85&100 (2)
A1: Zip Square 85/100 (Sunilus io 17 rpm) Zip Carré 85/100 (Sunilus io 17 rpm)
A2: Motor (Sunilus io 17 rpm) | C2: H B | D2: 100 | E2: 120 | F2: 140 | G2: 160 | H2: 180 | I2: 200 | J2: 220 | K2: 240 | L2: 260 | M2: 280 | N2: 300 | O2: 320 | P2: 340 | Q2: 360 | R2: 380 | S2: 400
C3: 100 | D3: 830.34873 | E3: 855.79642 | F3: 880.3016 | G3: 907.63431 | H3: 942.50707 | I3: 963.24222 | J3: 995.28746 | K3: 1021.6777 | L3: 1050.8954 | M3: 1073.5156 | N3: 1107.4458 | O3: 1131.951 | P3: 1163.0537 | Q3: 1186.6164 | R3: 1217.7191 | S3: 1240.3393 | T3: 100
C4: 120 | D4: 861.45146 | E4: 892.55419 | F4: 918.00189 | G4: 950.98963 | H4: 980.20735 | I4: 1011.3101 | J4: 1045.2403 | K4: 1071.6305 | L4: 1105.5608 | M4: 1131.951 | N4: 1167.7663 | O4: 1188.5014 | P4: 1226.2017 | Q4: 1252.5919 | R4: 1286.5221 | S4: 1312.9123 | T4: 120
C5: 140 | D5: 890.66918 | E5: 928.36946 | F5: 959.4722 | G5: 990.57493 | H5: 1024.5052 | I5: 1055.6079 | J5: 1090.4807 | K5: 1126.2959 | L5: 1155.5137 | M5: 1190.3864 | N5: 1221.4892 | O5: 1257.3044 | P5: 1288.4072 | Q5: 1317.6249 | R5: 1354.3827 | S5: 1383.6004 | T5: 140
C6: 160 | D6: 924.59943 | E6: 966.06975 | F6: 999.05749 | G6: 1030.1602 | H6: 1069.7455 | I6: 1100.8483 | J6: 1136.6635 | K6: 1173.4213 | L6: 1211.1216 | M6: 1242.2243 | N6: 1281.8096 | O6: 1312.9123 | P6: 1346.8426 | Q6: 1386.4279 | R6: 1421.3007 | S6: 1450.5184 | T6: 160
C7: 180 | D7: 961.35721 | E7: 1000.9425 | F7: 1032.0452 | G7: 1073.5156 | H7: 1115.9284 | I7: 1148.9161 | J7: 1183.7889 | K7: 1226.2017 | L7: 1259.1894 | M7: 1298.7747 | N7: 1336.475 | O7: 1376.0603 | P7: 1409.0481 | Q7: 1448.6334 | R7: 1483.5061 | S7: 1524.9764 | T7: 180
C8: 200 | D8: 995.28746 | E8: 1034.8728 | F8: 1080.1131 | G8: 1119.6984 | H8: 1157.3987 | I8: 1195.099 | J8: 1240.3393 | K8: 1279.9246 | L8: 1317.6249 | M8: 1359.0952 | N8: 1404.3355 | O8: 1440.1508 | P8: 1481.6211 | Q8: 1521.2064 | R8: 1560.7917 | S8: 1600.377 | T8: 200
C9: 220 | D9: 1024.5052 | E9: 1071.6305 | F9: 1113.1008 | G9: 1150.8011 | H9: 1196.984 | I9: 1240.3393 | J9: 1279.9246 | K9: 1321.3949 | L9: 1367.5778 | M9: 1409.0481 | N9: 1446.7484 | O9: 1488.2187 | P9: 1538.1715 | Q9: 1577.7568 | R9: 1619.2271 | S9: 1658.8124 | T9: 220
C10: 240 | D10: 1059.3779 | E10: 1105.5608 | F10: 1145.1461 | G10: 1190.3864 | H10: 1238.4543 | I10: 1283.6946 | J10: 1327.9925 | K10: 1373.2328 | L10: 1421.3007 | M10: 1464.656 | N10: 1510.8388 | O10: 1552.3091 | P10: 1593.7795 | Q10: 1639.9623 | R10: 1689.9152 | S10: 1735.1555 | T10: 240
C11: 260 | D11: 1092.3657 | E11: 1145.1461 | F11: 1190.3864 | G11: 1238.4543 | H11: 1286.5221 | I11: 1327.9925 | J11: 1377.9453 | K11: 1417.5306 | L11: 1459.0009 | M11: 1512.7238 | N11: 1560.7917 | O11: 1604.147 | P11: 1650.3299 | Q11: 1702.1678 | R11: 1750.2356 | S11: 1803.9585 | T11: 260
C12: 280 | D12: 1128.181 | E12: 1180.0189 | F12: 1228.0867 | G12: 1269.557 | H12: 1321.3949 | I12: 1373.2328 | J12: 1426.0132 | K12: 1452.4034 | L12: 1508.9538 | M12: 1552.3091 | N12: 1598.492 | O12: 1652.2149 | P12: 1702.1678 | Q12: 1748.3506 | R12: 1798.3035 | S12: 1848.2564 | T12: 280
C13: 300 | D13: 1148.9161 | E13: 1200.754 | F13: 1250.7069 | G13: 1298.7747 | H13: 1350.6126 | I13: 1402.4505 | J13: 1448.6334 | K13: 1479.7361 | L13: 1533.459 | M13: 1579.6418 | N13: 1631.4797 | O13: 1693.6852 | P13: 1735.1555 | Q13: 1783.2234 | R13: 1829.4062 | S13: 1885.0141 | T13: 300
C14: 320 | D14: 0 | E14: 0 | F14: 0 | G14: 1333.6475 | H14: 1388.3129 | I14: 1436.3808 | J14: 1481.6211 | K14: 1517.4364 | L14: 1567.3893 | M14: 1617.3421 | N14: 1662.5825 | O14: 1722.9029 | P14: 1769.0858 | Q14: 1822.8087 | R14: 1864.279 | S14: 0 | T14: 320
C15: 340 | D15: 0 | E15: 0 | F15: 0 | G15: 0 | H15: 0 | I15: 1475.0236 | J15: 1519.3214 | K15: 1550.4241 | L15: 1600.377 | M15: 1652.2149 | N15: 1702.1678 | O15: 1762.4882 | P15: 1805.8435 | Q15: 1858.6239 | R15: 0 | S15: 0 | T15: 340
D17: Meerprijs Trend / RAL kleuren
C18: B | D18: 100 | E18: 120 | F18: 140 | G18: 160 | H18: 180 | I18: 200 | J18: 220 | K18: 240 | L18: 260 | M18: 280 | N18: 300 | O18: 320 | P18: 340 | Q18: 360 | R18: 380 | S18: 400
C19: RAL | D19: 204.52403 | E19: 204.52403 | F19: 204.52403 | G19: 204.52403 | H19: 204.52403 | I19: 262.95947 | J19: 262.95947 | K19: 262.95947 | L19: 262.95947 | M19: 262.95947 | N19: 320.4524 | O19: 320.4524 | P19: 320.4524 | Q19: 320.4524 | R19: 320.4524 | S19: 378.88784
C20: Trend | D20: 102.26202 | E20: 102.26202 | F20: 102.26202 | G20: 102.26202 | H20: 102.26202 | I20: 131.47974 | J20: 131.47974 | K20: 131.47974 | L20: 131.47974 | M20: 131.47974 | N20: 160.2262 | O20: 160.2262 | P20: 160.2262 | Q20: 160.2262 | R20: 160.2262 | S20: 189.44392
A22: Let op: vanaf hoogte 200 cm is kast 100 nodig.
A23: Veelgekozen opties
A24: Solar uitvoering ZIP Carré 100 incl. 1-kanaals handzender | L24: 124
A25: Minderprijs LT 50 32 rpm | L25: -84
A26: Maestria io 32 rpm | L26: 45
A27: Situo 1 io handzender | L27: 70
A28: LHTF geleider per meter | L28: 14

Sheet Zip 85&100
A1: Zip Square 85/100 (Sunilus io 17 rpm) Zip Carré 85/100 (Sunilus io 17 rpm)
A2: Motor (Sunilus io 17 rpm) | B2: H B | C2: 100 | D2: 120 | E2: 140 | F2: 160 | G2: 180 | H2: 200 | I2: 220 | J2: 240 | K2: 260 | L2: 280 | M2: 300 | N2: 320 | O2: 340 | P2: 360 | Q2: 380 | R2: 400
B3: 100 | C3: =(('Zip 85&100 (2)'!D3/(1+Korting!$B$3)*(1-Korting!$B$2)*Prijsmutaties!$B$9)) -> 806.49474 | D3: =(('Zip 85&100 (2)'!E3/(1+Korting!$B$3)*(1-Korting!$B$2)*Prijsmutaties!$B$9)) -> 831.21138 | E3: =(('Zip 85&100 (2)'!F3/(1+Korting!$B$3)*(1-Korting!$B$2)*Prijsmutaties!$B$9)) -> 855.01259 | F3: =(('Zip 85&100 (2)'!G3/(1+Korting!$B$3)*(1-Korting!$B$2)*Prijsmutaties!$B$9)) -> 881.56009 | G3: =(('Zip 85&100 (2)'!H3/(1+Korting!$B$3)*(1-Korting!$B$2)*Prijsmutaties!$B$9)) -> 915.43104 | H3: =(('Zip 85&100 (2)'!I3/(1+Korting!$B$3)*(1-Korting!$B$2)*Prijsmutaties!$B$9)) -> 935.57052 | I3: =(('Zip 85&100 (2)'!J3/(1+Korting!$B$3)*(1-Korting!$B$2)*Prijsmutaties!$B$9)) -> 966.69518 | J3: =(('Zip 85&100 (2)'!K3/(1+Korting!$B$3)*(1-Korting!$B$2)*Prijsmutaties!$B$9)) -> 992.32724 | ... R3: =(('Zip 85&100 (2)'!S3/(1+Korting!$B$3)*(1-Korting!$B$2)*Prijsmutaties!$B$9)) -> 1204.7072 | S3: 100
B4: 120 | C4: =(('Zip 85&100 (2)'!D4/(1+Korting!$B$3)*(1-Korting!$B$2)*Prijsmutaties!$B$9)) -> 836.70397 | D4: =(('Zip 85&100 (2)'!E4/(1+Korting!$B$3)*(1-Korting!$B$2)*Prijsmutaties!$B$9)) -> 866.91319 | E4: =(('Zip 85&100 (2)'!F4/(1+Korting!$B$3)*(1-Korting!$B$2)*Prijsmutaties!$B$9)) -> 891.62983 | F4: =(('Zip 85&100 (2)'!G4/(1+Korting!$B$3)*(1-Korting!$B$2)*Prijsmutaties!$B$9)) -> 923.66992 | G4: =(('Zip 85&100 (2)'!H4/(1+Korting!$B$3)*(1-Korting!$B$2)*Prijsmutaties!$B$9)) -> 952.04828 | H4: =(('Zip 85&100 (2)'!I4/(1+Korting!$B$3)*(1-Korting!$B$2)*Prijsmutaties!$B$9)) -> 982.2575 | I4: =(('Zip 85&100 (2)'!J4/(1+Korting!$B$3)*(1-Korting!$B$2)*Prijsmutaties!$B$9)) -> 1015.213 | J4: =(('Zip 85&100 (2)'!K4/(1+Korting!$B$3)*(1-Korting!$B$2)*Prijsmutaties!$B$9)) -> 1040.8451 | ... R4: =(('Zip 85&100 (2)'!S4/(1+Korting!$B$3)*(1-Korting!$B$2)*Prijsmutaties!$B$9)) -> 1275.1954 | S4: 120
B5: 140 | C5: =(('Zip 85&100 (2)'!D5/(1+Korting!$B$3)*(1-Korting!$B$2)*Prijsmutaties!$B$9)) -> 865.08233 | D5: =(('Zip 85&100 (2)'!E5/(1+Korting!$B$3)*(1-Korting!$B$2)*Prijsmutaties!$B$9)) -> 901.69957 | E5: =(('Zip 85&100 (2)'!F5/(1+Korting!$B$3)*(1-Korting!$B$2)*Prijsmutaties!$B$9)) -> 931.9088 | F5: =(('Zip 85&100 (2)'!G5/(1+Korting!$B$3)*(1-Korting!$B$2)*Prijsmutaties!$B$9)) -> 962.11802 | G5: =(('Zip 85&100 (2)'!H5/(1+Korting!$B$3)*(1-Korting!$B$2)*Prijsmutaties!$B$9)) -> 995.07354 | H5: =(('Zip 85&100 (2)'!I5/(1+Korting!$B$3)*(1-Korting!$B$2)*Prijsmutaties!$B$9)) -> 1025.2828 | I5: =(('Zip 85&100 (2)'!J5/(1+Korting!$B$3)*(1-Korting!$B$2)*Prijsmutaties!$B$9)) -> 1059.1537 | J5: =(('Zip 85&100 (2)'!K5/(1+Korting!$B$3)*(1-Korting!$B$2)*Prijsmutaties!$B$9)) -> 1093.9401 | ... R5: =(('Zip 85&100 (2)'!S5/(1+Korting!$B$3)*(1-Korting!$B$2)*Prijsmutaties!$B$9)) -> 1343.8528 | S5: 140
B6: 160 | C6: =(('Zip 85&100 (2)'!D6/(1+Korting!$B$3)*(1-Korting!$B$2)*Prijsmutaties!$B$9)) -> 898.03785 | D6: =(('Zip 85&100 (2)'!E6/(1+Korting!$B$3)*(1-Korting!$B$2)*Prijsmutaties!$B$9)) -> 938.31681 | E6: =(('Zip 85&100 (2)'!F6/(1+Korting!$B$3)*(1-Korting!$B$2)*Prijsmutaties!$B$9)) -> 970.3569 | F6: =(('Zip 85&100 (2)'!G6/(1+Korting!$B$3)*(1-Korting!$B$2)*Prijsmutaties!$B$9)) -> 1000.5661 | G6: =(('Zip 85&100 (2)'!H6/(1+Korting!$B$3)*(1-Korting!$B$2)*Prijsmutaties!$B$9)) -> 1039.0142 | H6: =(('Zip 85&100 (2)'!I6/(1+Korting!$B$3)*(1-Korting!$B$2)*Prijsmutaties!$B$9)) -> 1069.2235 | I6: =(('Zip 85&100 (2)'!J6/(1+Korting!$B$3)*(1-Korting!$B$2)*Prijsmutaties!$B$9)) -> 1104.0098 | J6: =(('Zip 85&100 (2)'!K6/(1+Korting!$B$3)*(1-Korting!$B$2)*Prijsmutaties!$B$9)) -> 1139.7116 | ... R6: =(('Zip 85&100 (2)'!S6/(1+Korting!$B$3)*(1-Korting!$B$2)*Prijsmutaties!$B$9)) -> 1408.8484 | S6: 160
B7: 180 | C7: =(('Zip 85&100 (2)'!D7/(1+Korting!$B$3)*(1-Korting!$B$2)*Prijsmutaties!$B$9)) -> 933.73966 | D7: =(('Zip 85&100 (2)'!E7/(1+Korting!$B$3)*(1-Korting!$B$2)*Prijsmutaties!$B$9)) -> 972.18776 | E7: =(('Zip 85&100 (2)'!F7/(1+Korting!$B$3)*(1-Korting!$B$2)*Prijsmutaties!$B$9)) -> 1002.397 | F7: =(('Zip 85&100 (2)'!G7/(1+Korting!$B$3)*(1-Korting!$B$2)*Prijsmutaties!$B$9)) -> 1042.676 | G7: =(('Zip 85&100 (2)'!H7/(1+Korting!$B$3)*(1-Korting!$B$2)*Prijsmutaties!$B$9)) -> 1083.8703 | H7: =(('Zip 85&100 (2)'!I7/(1+Korting!$B$3)*(1-Korting!$B$2)*Prijsmutaties!$B$9)) -> 1115.9104 | I7: =(('Zip 85&100 (2)'!J7/(1+Korting!$B$3)*(1-Korting!$B$2)*Prijsmutaties!$B$9)) -> 1149.7814 | J7: =(('Zip 85&100 (2)'!K7/(1+Korting!$B$3)*(1-Korting!$B$2)*Prijsmutaties!$B$9)) -> 1190.9758 | ... R7: =(('Zip 85&100 (2)'!S7/(1+Korting!$B$3)*(1-Korting!$B$2)*Prijsmutaties!$B$9)) -> 1481.1674 | S7: 180
B8: 200 | C8: =(('Zip 85&100 (2)'!D8/(1+Korting!$B$3)*(1-Korting!$B$2)*Prijsmutaties!$B$9)) -> 966.69518 | D8: =(('Zip 85&100 (2)'!E8/(1+Korting!$B$3)*(1-Korting!$B$2)*Prijsmutaties!$B$9)) -> 1005.1433 | E8: =(('Zip 85&100 (2)'!F8/(1+Korting!$B$3)*(1-Korting!$B$2)*Prijsmutaties!$B$9)) -> 1049.084 | F8: =(('Zip 85&100 (2)'!G8/(1+Korting!$B$3)*(1-Korting!$B$2)*Prijsmutaties!$B$9)) -> 1087.5321 | G8: =(('Zip 85&100 (2)'!H8/(1+Korting!$B$3)*(1-Korting!$B$2)*Prijsmutaties!$B$9)) -> 1124.1493 | H8: =(('Zip 85&100 (2)'!I8/(1+Korting!$B$3)*(1-Korting!$B$2)*Prijsmutaties!$B$9)) -> 1160.7666 | I8: =(('Zip 85&100 (2)'!J8/(1+Korting!$B$3)*(1-Korting!$B$2)*Prijsmutaties!$B$9)) -> 1204.7072 | J8: =(('Zip 85&100 (2)'!K8/(1+Korting!$B$3)*(1-Korting!$B$2)*Prijsmutaties!$B$9)) -> 1243.1553 | ... R8: =(('Zip 85&100 (2)'!S8/(1+Korting!$B$3)*(1-Korting!$B$2)*Prijsmutaties!$B$9)) -> 1554.4019 | S8: 200
B9: 220 | C9: =(('Zip 85&100 (2)'!D9/(1+Korting!$B$3)*(1-Korting!$B$2)*Prijsmutaties!$B$9)) -> 995.07354 | D9: =(('Zip 85&100 (2)'!E9/(1+Korting!$B$3)*(1-Korting!$B$2)*Prijsmutaties!$B$9)) -> 1040.8451 | E9: =(('Zip 85&100 (2)'!F9/(1+Korting!$B$3)*(1-Korting!$B$2)*Prijsmutaties!$B$9)) -> 1081.1241 | F9: =(('Zip 85&100 (2)'!G9/(1+Korting!$B$3)*(1-Korting!$B$2)*Prijsmutaties!$B$9)) -> 1117.7413 | G9: =(('Zip 85&100 (2)'!H9/(1+Korting!$B$3)*(1-Korting!$B$2)*Prijsmutaties!$B$9)) -> 1162.5974 | H9: =(('Zip 85&100 (2)'!I9/(1+Korting!$B$3)*(1-Korting!$B$2)*Prijsmutaties!$B$9)) -> 1204.7072 | I9: =(('Zip 85&100 (2)'!J9/(1+Korting!$B$3)*(1-Korting!$B$2)*Prijsmutaties!$B$9)) -> 1243.1553 | J9: =(('Zip 85&100 (2)'!K9/(1+Korting!$B$3)*(1-Korting!$B$2)*Prijsmutaties!$B$9)) -> 1283.4343 | ... R9: =(('Zip 85&100 (2)'!S9/(1+Korting!$B$3)*(1-Korting!$B$2)*Prijsmutaties!$B$9)) -> 1611.1586 | S9: 220
B10: 240 | C10: =(('Zip 85&100 (2)'!D10/(1+Korting!$B$3)*(1-Korting!$B$2)*Prijsmutaties!$B$9)) -> 1028.9445 | D10: =(('Zip 85&100 (2)'!E10/(1+Korting!$B$3)*(1-Korting!$B$2)*Prijsmutaties!$B$9)) -> 1073.8006 | E10: =(('Zip 85&100 (2)'!F10/(1+Korting!$B$3)*(1-Korting!$B$2)*Prijsmutaties!$B$9)) -> 1112.2487 | F10: =(('Zip 85&100 (2)'!G10/(1+Korting!$B$3)*(1-Korting!$B$2)*Prijsmutaties!$B$9)) -> 1156.1894 | G10: =(('Zip 85&100 (2)'!H10/(1+Korting!$B$3)*(1-Korting!$B$2)*Prijsmutaties!$B$9)) -> 1202.8764 | H10: =(('Zip 85&100 (2)'!I10/(1+Korting!$B$3)*(1-Korting!$B$2)*Prijsmutaties!$B$9)) -> 1246.8171 | I10: =(('Zip 85&100 (2)'!J10/(1+Korting!$B$3)*(1-Korting!$B$2)*Prijsmutaties!$B$9)) -> 1289.8423 | J10: =(('Zip 85&100 (2)'!K10/(1+Korting!$B$3)*(1-Korting!$B$2)*Prijsmutaties!$B$9)) -> 1333.783 | ... R10: =(('Zip 85&100 (2)'!S10/(1+Korting!$B$3)*(1-Korting!$B$2)*Prijsmutaties!$B$9)) -> 1685.3085 | S10: 240
B11: 260 | C11: =(('Zip 85&100 (2)'!D11/(1+Korting!$B$3)*(1-Korting!$B$2)*Prijsmutaties!$B$9)) -> 1060.9846 | D11: =(('Zip 85&100 (2)'!E11/(1+Korting!$B$3)*(1-Korting!$B$2)*Prijsmutaties!$B$9)) -> 1112.2487 | E11: =(('Zip 85&100 (2)'!F11/(1+Korting!$B$3)*(1-Korting!$B$2)*Prijsmutaties!$B$9)) -> 1156.1894 | F11: =(('Zip 85&100 (2)'!G11/(1+Korting!$B$3)*(1-Korting!$B$2)*Prijsmutaties!$B$9)) -> 1202.8764 | G11: =(('Zip 85&100 (2)'!H11/(1+Korting!$B$3)*(1-Korting!$B$2)*Prijsmutaties!$B$9)) -> 1249.5634 | H11: =(('Zip 85&100 (2)'!I11/(1+Korting!$B$3)*(1-Korting!$B$2)*Prijsmutaties!$B$9)) -> 1289.8423 | I11: =(('Zip 85&100 (2)'!J11/(1+Korting!$B$3)*(1-Korting!$B$2)*Prijsmutaties!$B$9)) -> 1338.3602 | J11: =(('Zip 85&100 (2)'!K11/(1+Korting!$B$3)*(1-Korting!$B$2)*Prijsmutaties!$B$9)) -> 1376.8083 | ... R11: =(('Zip 85&100 (2)'!S11/(1+Korting!$B$3)*(1-Korting!$B$2)*Prijsmutaties!$B$9)) -> 1752.135 | S11: 260
B12: 280 | C12: =(('Zip 85&100 (2)'!D12/(1+Korting!$B$3)*(1-Korting!$B$2)*Prijsmutaties!$B$9)) -> 1095.771 | D12: =(('Zip 85&100 (2)'!E12/(1+Korting!$B$3)*(1-Korting!$B$2)*Prijsmutaties!$B$9)) -> 1146.1197 | E12: =(('Zip 85&100 (2)'!F12/(1+Korting!$B$3)*(1-Korting!$B$2)*Prijsmutaties!$B$9)) -> 1192.8066 | F12: =(('Zip 85&100 (2)'!G12/(1+Korting!$B$3)*(1-Korting!$B$2)*Prijsmutaties!$B$9)) -> 1233.0856 | G12: =(('Zip 85&100 (2)'!H12/(1+Korting!$B$3)*(1-Korting!$B$2)*Prijsmutaties!$B$9)) -> 1283.4343 | H12: =(('Zip 85&100 (2)'!I12/(1+Korting!$B$3)*(1-Korting!$B$2)*Prijsmutaties!$B$9)) -> 1333.783 | I12: =(('Zip 85&100 (2)'!J12/(1+Korting!$B$3)*(1-Korting!$B$2)*Prijsmutaties!$B$9)) -> 1385.0472 | J12: =(('Zip 85&100 (2)'!K12/(1+Korting!$B$3)*(1-Korting!$B$2)*Prijsmutaties!$B$9)) -> 1410.6792 | ... R12: =(('Zip 85&100 (2)'!S12/(1+Korting!$B$3)*(1-Korting!$B$2)*Prijsmutaties!$B$9)) -> 1795.1603 | S12: 280
B13: 300 | C13: =(('Zip 85&100 (2)'!D13/(1+Korting!$B$3)*(1-Korting!$B$2)*Prijsmutaties!$B$9)) -> 1115.9104 | D13: =(('Zip 85&100 (2)'!E13/(1+Korting!$B$3)*(1-Korting!$B$2)*Prijsmutaties!$B$9)) -> 1166.2591 | E13: =(('Zip 85&100 (2)'!F13/(1+Korting!$B$3)*(1-Korting!$B$2)*Prijsmutaties!$B$9)) -> 1214.777 | F13: =(('Zip 85&100 (2)'!G13/(1+Korting!$B$3)*(1-Korting!$B$2)*Prijsmutaties!$B$9)) -> 1261.464 | G13: =(('Zip 85&100 (2)'!H13/(1+Korting!$B$3)*(1-Korting!$B$2)*Prijsmutaties!$B$9)) -> 1311.8127 | H13: =(('Zip 85&100 (2)'!I13/(1+Korting!$B$3)*(1-Korting!$B$2)*Prijsmutaties!$B$9)) -> 1362.1614 | I13: =(('Zip 85&100 (2)'!J13/(1+Korting!$B$3)*(1-Korting!$B$2)*Prijsmutaties!$B$9)) -> 1407.0175 | J13: =(('Zip 85&100 (2)'!K13/(1+Korting!$B$3)*(1-Korting!$B$2)*Prijsmutaties!$B$9)) -> 1437.2267 | ... R13: =(('Zip 85&100 (2)'!S13/(1+Korting!$B$3)*(1-Korting!$B$2)*Prijsmutaties!$B$9)) -> 1830.8621 | S13: 300
B14: 320 | F14: =(('Zip 85&100 (2)'!G14/(1+Korting!$B$3)*(1-Korting!$B$2)*Prijsmutaties!$B$9)) -> 1295.3349 | G14: =(('Zip 85&100 (2)'!H14/(1+Korting!$B$3)*(1-Korting!$B$2)*Prijsmutaties!$B$9)) -> 1348.4299 | H14: =(('Zip 85&100 (2)'!I14/(1+Korting!$B$3)*(1-Korting!$B$2)*Prijsmutaties!$B$9)) -> 1395.1169 | I14: =(('Zip 85&100 (2)'!J14/(1+Korting!$B$3)*(1-Korting!$B$2)*Prijsmutaties!$B$9)) -> 1439.0576 | J14: =(('Zip 85&100 (2)'!K14/(1+Korting!$B$3)*(1-Korting!$B$2)*Prijsmutaties!$B$9)) -> 1473.844 | K14: =(('Zip 85&100 (2)'!L14/(1+Korting!$B$3)*(1-Korting!$B$2)*Prijsmutaties!$B$9)) -> 1522.3618 | L14: =(('Zip 85&100 (2)'!M14/(1+Korting!$B$3)*(1-Korting!$B$2)*Prijsmutaties!$B$9)) -> 1570.8797 | M14: =(('Zip 85&100 (2)'!N14/(1+Korting!$B$3)*(1-Korting!$B$2)*Prijsmutaties!$B$9)) -> 1614.8203 | ... Q14: =(('Zip 85&100 (2)'!R14/(1+Korting!$B$3)*(1-Korting!$B$2)*Prijsmutaties!$B$9)) -> 1810.7226 | S14: 320
B15: 340 | H15: =(('Zip 85&100 (2)'!I15/(1+Korting!$B$3)*(1-Korting!$B$2)*Prijsmutaties!$B$9)) -> 1432.6496 | I15: =(('Zip 85&100 (2)'!J15/(1+Korting!$B$3)*(1-Korting!$B$2)*Prijsmutaties!$B$9)) -> 1475.6748 | J15: =(('Zip 85&100 (2)'!K15/(1+Korting!$B$3)*(1-Korting!$B$2)*Prijsmutaties!$B$9)) -> 1505.8841 | K15: =(('Zip 85&100 (2)'!L15/(1+Korting!$B$3)*(1-Korting!$B$2)*Prijsmutaties!$B$9)) -> 1554.4019 | L15: =(('Zip 85&100 (2)'!M15/(1+Korting!$B$3)*(1-Korting!$B$2)*Prijsmutaties!$B$9)) -> 1604.7506 | M15: =(('Zip 85&100 (2)'!N15/(1+Korting!$B$3)*(1-Korting!$B$2)*Prijsmutaties!$B$9)) -> 1653.2685 | N15: =(('Zip 85&100 (2)'!O15/(1+Korting!$B$3)*(1-Korting!$B$2)*Prijsmutaties!$B$9)) -> 1711.856 | O15: =(('Zip 85&100 (2)'!P15/(1+Korting!$B$3)*(1-Korting!$B$2)*Prijsmutaties!$B$9)) -> 1753.9659 | P15: =(('Zip 85&100 (2)'!Q15/(1+Korting!$B$3)*(1-Korting!$B$2)*Prijsmutaties!$B$9)) -> 1805.23 | S15: 340
C17: Meerprijs Trend / RAL kleuren
B18: B | C18: 100 | D18: 120 | E18: 140 | F18: 160 | G18: 180 | H18: 200 | I18: 220 | J18: 240 | K18: 260 | L18: 280 | M18: 300 | N18: 320 | O18: 340 | P18: 360 | Q18: 380 | R18: 400
B19: RAL | C19: =(('Zip 85&100 (2)'!D19/(1+Korting!$B$3)*(1-Korting!$B$2)*Prijsmutaties!$B$9)) -> 198.64854 | D19: =(('Zip 85&100 (2)'!E19/(1+Korting!$B$3)*(1-Korting!$B$2)*Prijsmutaties!$B$9)) -> 198.64854 | E19: =(('Zip 85&100 (2)'!F19/(1+Korting!$B$3)*(1-Korting!$B$2)*Prijsmutaties!$B$9)) -> 198.64854 | F19: =(('Zip 85&100 (2)'!G19/(1+Korting!$B$3)*(1-Korting!$B$2)*Prijsmutaties!$B$9)) -> 198.64854 | G19: =(('Zip 85&100 (2)'!H19/(1+Korting!$B$3)*(1-Korting!$B$2)*Prijsmutaties!$B$9)) -> 198.64854 | H19: =(('Zip 85&100 (2)'!I19/(1+Korting!$B$3)*(1-Korting!$B$2)*Prijsmutaties!$B$9)) -> 255.40526 | I19: =(('Zip 85&100 (2)'!J19/(1+Korting!$B$3)*(1-Korting!$B$2)*Prijsmutaties!$B$9)) -> 255.40526 | J19: =(('Zip 85&100 (2)'!K19/(1+Korting!$B$3)*(1-Korting!$B$2)*Prijsmutaties!$B$9)) -> 255.40526 | ... R19: =(('Zip 85&100 (2)'!S19/(1+Korting!$B$3)*(1-Korting!$B$2)*Prijsmutaties!$B$9)) -> 368.00328
B20: Trend | C20: =(('Zip 85&100 (2)'!D20/(1+Korting!$B$3)*(1-Korting!$B$2)*Prijsmutaties!$B$9)) -> 99.324268 | D20: =(('Zip 85&100 (2)'!E20/(1+Korting!$B$3)*(1-Korting!$B$2)*Prijsmutaties!$B$9)) -> 99.324268 | E20: =(('Zip 85&100 (2)'!F20/(1+Korting!$B$3)*(1-Korting!$B$2)*Prijsmutaties!$B$9)) -> 99.324268 | F20: =(('Zip 85&100 (2)'!G20/(1+Korting!$B$3)*(1-Korting!$B$2)*Prijsmutaties!$B$9)) -> 99.324268 | G20: =(('Zip 85&100 (2)'!H20/(1+Korting!$B$3)*(1-Korting!$B$2)*Prijsmutaties!$B$9)) -> 99.324268 | H20: =(('Zip 85&100 (2)'!I20/(1+Korting!$B$3)*(1-Korting!$B$2)*Prijsmutaties!$B$9)) -> 127.70263 | I20: =(('Zip 85&100 (2)'!J20/(1+Korting!$B$3)*(1-Korting!$B$2)*Prijsmutaties!$B$9)) -> 127.70263 | J20: =(('Zip 85&100 (2)'!K20/(1+Korting!$B$3)*(1-Korting!$B$2)*Prijsmutaties!$B$9)) -> 127.70263 | ... R20: =(('Zip 85&100 (2)'!S20/(1+Korting!$B$3)*(1-Korting!$B$2)*Prijsmutaties!$B$9)) -> 184.00164
B22: Let op: vanaf hoogte 200 cm is kast 100 nodig.
A23: Veelgekozen opties
A24: Solar uitvoering Brel ZIP Carré 100 incl. 1-kanaals handzender | K24: =(('Zip 85&100 (2)'!L24/(1+Korting!$B$3)*(1-Korting!$B$2)*Prijsmutaties!$G$9)) -> 111.76745 | L24: =(('Zip 85&100 (2)'!M24/(1+Korting!$B$3)*(1-Korting!$B$2))) -> 0
A25: Minderprijs LT 50 32 rpm | K25: =(('Zip 85&100 (2)'!L25/(1+Korting!$B$3)*(1-Korting!$B$2)*Prijsmutaties!$G$9)) -> -75.713435 | L25: =(('Zip 85&100 (2)'!M25/(1+Korting!$B$3)*(1-Korting!$B$2))) -> 0
A26: Maestria io 32 rpm | K26: =(('Zip 85&100 (2)'!L26/(1+Korting!$B$3)*(1-Korting!$B$2)*Prijsmutaties!$G$9)) -> 40.560769 | L26: =(('Zip 85&100 (2)'!M26/(1+Korting!$B$3)*(1-Korting!$B$2))) -> 0
A27: Situo 1 io handzender | K27: =(('Zip 85&100 (2)'!L27/(1+Korting!$B$3)*(1-Korting!$B$2)*Prijsmutaties!$G$9)) -> 63.094529 | L27: =(('Zip 85&100 (2)'!M27/(1+Korting!$B$3)*(1-Korting!$B$2))) -> 0
A28: LHTF geleider per meter | K28: =(('Zip 85&100 (2)'!L28/(1+Korting!$B$3)*(1-Korting!$B$2)*Prijsmutaties!$G$9)) -> 12.618906 | L28: =(('Zip 85&100 (2)'!M28/(1+Korting!$B$3)*(1-Korting!$B$2))) -> 0

Sheet Zip 110 (2)
A1: SunZip Design 105 (Sunilus io 17 rpm) | AA1: SunZip Design Veranda (Sunilus io 17 rpm)
A2: Sunilus io motor (17rpm) | B2: H B | C2: 100 | D2: 120 | E2: 140 | F2: 160 | G2: 180 | H2: 200 | I2: 220 | J2: 240 | K2: 260 | L2: 280 | M2: 300 | N2: 320 | O2: 340 | P2: 360 | Q2: 380 | R2: 400 | S2: 420 | T2: 440 | U2: 460 | V2: 480 | W2: 500 | AA2: Sunilus io motor (17rpm) | AB2: H B | AC2: 200 | AD2: 250 | AE2: 300 | AF2: 350 | AG2: 400 | AH2: 450 | AI2: 500 | AJ2: 550 | AK2: 600
B3: 100 | C3: 859.93402 | D3: 918.36946 | E3: 968.32234 | F3: 990.94251 | G3: 1042.7804 | H3: 1082.3657 | I3: 1201.1216 | J3: 1234.1093 | K3: 1278.4072 | L3: 1311.3949 | M3: 1352.8652 | N3: 1390.5655 | O3: 1432.0358 | P3: 1473.5061 | Q3: 1521.574 | R3: 1548.9067 | S3: 1575.2969 | T3: 1602.6296 | U3: 1648.8124 | V3: 1694.0528 | W3: 1740.2356 | AB3: 200 | AC3: 1347.5324 | AD3: 1504.309 | AE3: 1588.2965 | AF3: 1760.9374 | AG3: 1844.9248 | AH3: 1955 | AI3: 2076.357 | AJ3: 2318.0543 | AK3: 2318.0543
B4: 120 | C4: 878.78417 | D4: 937.2196 | E4: 987.17248 | F4: 1009.7926 | G4: 1061.6305 | H4: 1101.2158 | I4: 1219.9717 | J4: 1252.9595 | K4: 1297.2573 | L4: 1328.36 | M4: 1371.7154 | N4: 1407.5306 | O4: 1450.886 | P4: 1492.3563 | Q4: 1540.4241 | R4: 1567.7568 | S4: 1594.147 | T4: 1619.5947 | U4: 1690.2828 | V4: 1760.9708 | W4: 1831.6588 | AB4: 250 | AC4: 1435.2526 | AD4: 1598.5616 | AE4: 1718.0104 | AF4: 1868.2547 | AG4: 1956.9081 | AH4: 2077.2902 | AI4: 2198.6054 | AJ4: 2440.3027 | AK4: 2440.3027
B5: 140 | C5: 897.63431 | D5: 956.06975 | E5: 1006.0226 | F5: 1028.6428 | G5: 1080.4807 | H5: 1120.066 | I5: 1238.8219 | J5: 1271.8096 | K5: 1316.1074 | L5: 1347.2102 | M5: 1390.5655 | N5: 1426.3808 | O5: 1469.7361 | P5: 1509.3214 | Q5: 1557.3893 | R5: 1583.7795 | S5: 1611.1122 | T5: 1661.065 | U5: 1707.2479 | V5: 1783.591 | W5: 1860.8765 | AB5: 270 | AC5: 1610.6931 | AD5: 1695.6138 | AE5: 1841.1921 | AF5: 1982.1044 | AG5: 2053.0271 | AH5: 2171.5428 | AI5: 2292.858 | AJ5: 2534.5553 | AK5: 2534.5553
B6: 160 | C6: 924.96701 | D6: 989.05749 | E6: 1037.1254 | F6: 1061.6305 | G6: 1111.5834 | H6: 1157.7663 | I6: 1269.9246 | J6: 1309.5099 | K6: 1352.8652 | L6: 1390.5655 | M6: 1432.0358 | N6: 1463.1385 | O6: 1511.2064 | P6: 1557.3893 | Q6: 1598.8596 | R6: 1657.295 | S6: 1681.8002 | T6: 1712.9029 | U6: 1752.4882 | V6: 1823.1762 | W6: 1893.8643
B7: 180 | C7: 956.06975 | D7: 1020.1602 | E7: 1070.1131 | F7: 1099.3308 | G7: 1155.8812 | H7: 1195.4665 | I7: 1313.2799 | J7: 1352.8652 | K7: 1402.8181 | L7: 1438.6334 | M7: 1481.9887 | N7: 1517.804 | O7: 1564.9293 | P7: 1611.1122 | Q7: 1683.6852 | R7: 1714.7879 | S7: 1745.8907 | T7: 1777.9359 | U7: 1823.1762 | V7: 1869.3591 | W7: 1914.5994 | AC7: Meerprijs Trend / RAL kleuren
B8: 200 | C8: 1001.3101 | D8: 1066.3431 | E8: 1120.066 | F8: 1149.2837 | G8: 1205.8341 | H8: 1319.8775 | I8: 1382.0829 | J8: 1421.6682 | K8: 1475.3911 | L8: 1513.0914 | M8: 1561.1593 | N8: 1602.6296 | O8: 1657.295 | P8: 1731.7531 | Q8: 1779.8209 | R8: 1816.5787 | S8: 1845.7964 | T8: 1881.6117 | U8: 1926.852 | V8: 1973.0349 | W8: 2019.2177 | AB8: B | AC8: 200 | AD8: 250 | AE8: 300 | AF8: 350 | AG8: 400 | AH8: 450 | AI8: 500 | AJ8: 550 | AK8: 600
B9: 220 | C9: 1020.1602 | D9: 1085.1932 | E9: 1138.9161 | F9: 1168.1338 | G9: 1223.7418 | H9: 1338.7276 | I9: 1400.9331 | J9: 1438.6334 | K9: 1488.5862 | L9: 1530.0566 | M9: 1580.0094 | N9: 1619.5947 | O9: 1698.7653 | P9: 1750.6032 | Q9: 1798.6711 | R9: 1833.5438 | S9: 1864.6466 | T9: 1898.5768 | U9: 1945.7022 | V9: 1993.77 | W9: 2041.8379 | AB9: RAL | AC9: 263.5 | AD9: 263.5 | AE9: 322 | AF9: 322 | AG9: 380 | AH9: 430 | AI9: 487.27615 | AJ9: 594.821 | AK9: 594.821
B10: 240 | C10: 1053.148 | D10: 1123.836 | E10: 1178.5014 | F10: 1211.4892 | G10: 1276.5221 | H10: 1388.6805 | I10: 1450.886 | J10: 1494.2413 | K10: 1550.7917 | L10: 1592.262 | M10: 1645.9849 | N10: 1711.0179 | O10: 1764.7408 | P10: 1821.2912 | Q10: 1875.0141 | R10: 1910.8294 | S10: 1945.7022 | T10: 1979.6324 | U10: 2033.3553 | V10: 2087.0782 | W10: 2141.7436 | AB10: Trend | AC10: =AC9/2 -> 131.75 | AD10: =AD9/2 -> 131.75 | AE10: =AE9/2 -> 161 | AF10: =AF9/2 -> 161 | AG10: =AG9/2 -> 190 | AH10: =AH9/2 -> 215 | AI10: =AI9/2 -> 243.63808 | AJ10: =AJ9/2 -> 297.4105 | AK10: =AK9/2 -> 297.4105
B11: 260 | C11: 1071.9981 | D11: 1142.6861 | E11: 1197.3516 | F11: 1230.3393 | G11: 1294.4298 | H11: 1407.5306 | I11: 1469.7361 | J11: 1513.0914 | K11: 1569.6418 | L11: 1611.1122 | M11: 1690.2828 | N11: 1729.868 | O11: 1783.591 | P11: 1840.1414 | Q11: 1893.8643 | R11: 1929.6795 | S11: 1964.5523 | T11: 1998.4826 | U11: 2050.3205 | V11: 2102.1583 | W11: 2153.9962
B12: 270 | C12: 1137.0311 | D12: 1271.8096 | E12: 1317.9925 | F12: 1332.1301 | G12: 1413.1857 | H12: 1498.9538 | I12: 1575.2969 | J12: 1612.9972 | K12: 1667.6626 | L12: 1709.1329 | M12: 1812.8087 | N12: 1825.0613 | O12: 1881.6117 | P12: 1954.1847 | Q12: 1990 | R12: 2024.8728 | S12: 2058.803 | T12: 2091.7908 | U12: 2143.6287 | V12: 2195.4665 | W12: 2247.3044
C14: Meerprijs Trend / RAL kleuren
B15: B | C15: 100 | D15: 120 | E15: 140 | F15: 160 | G15: 180 | H15: 200 | I15: 220 | J15: 240 | K15: 260 | L15: 280 | M15: 300 | N15: 320 | O15: 340 | P15: 360 | Q15: 380 | R15: 400 | S15: 420 | T15: 440 | U15: 460 | V15: 480 | W15: 500
B16: RAL | C16: 204.52403 | D16: 204.52403 | E16: 204.52403 | F16: 204.52403 | G16: 204.52403 | H16: 262.95947 | I16: 262.95947 | J16: 262.95947 | K16: 262.95947 | L16: 262.95947 | M16: 320.4524 | N16: 320.4524 | O16: 320.4524 | P16: 320.4524 | Q16: 320.4524 | R16: 378.88784 | S16: 378.88784 | T16: 378.88784 | U16: 428.84072 | V16: 428.84072 | W16: 487.27615
B17: Trend | C17: 102.26202 | D17: 102.26202 | E17: 102.26202 | F17: 102.26202 | G17: 102.26202 | H17: 131.47974 | I17: 131.47974 | J17: 131.47974 | K17: 131.47974 | L17: 131.47974 | M17: 160.2262 | N17: 160.2262 | O17: 160.2262 | P17: 160.2262 | Q17: 160.2262 | R17: 189.44392 | S17: 189.44392 | T17: 189.44392 | U17: 214.42036 | V17: 214.42036 | W17: 243.63808
A19: Veelgekozen opties
A20: Solaruitvoering Somfy RS 100 io (excl. zender)* | J20: 159
A21: Solaruitvoering met 1-kanaals handzender (meerprijs) | J21: 124
A23: Situo 1 io handzender | J23: 70
A24: Verlengkabel Somfy solar met stekker 1 meter | J24: 19 | T24: -1.5 | V24: 1.5
A25: Minderprijs LT 50 32 rpm -/- | J25: -82
A26: Wandmontagebeugel | J26: 16
A27: LHTF geleider per meter | J27: 14
A28: Verandageleider in de dag per meter | J28: 6

Sheet Zip 110
A1: SunZip Design 110 (Sunilus io 17 rpm)
A2: Sunilus io motor (17rpm) | B2: H B | C2: 100 | D2: 120 | E2: 140 | F2: 160 | G2: 180 | H2: 200 | I2: 220 | J2: 240 | K2: 260 | L2: 280 | M2: 300 | N2: 320 | O2: 340 | P2: 360 | Q2: 380 | R2: 400 | S2: 420 | T2: 440 | U2: 460 | V2: 480 | W2: 500
B3: 100 | C3: =(('Zip 110 (2)'!C3/(1+Korting!$B$3)*(1-Korting!$B$2)*Prijsmutaties!$B$9)) -> 835.23012 | D3: =(('Zip 110 (2)'!D3/(1+Korting!$B$3)*(1-Korting!$B$2)*Prijsmutaties!$B$9)) -> 891.98685 | E3: =(('Zip 110 (2)'!E3/(1+Korting!$B$3)*(1-Korting!$B$2)*Prijsmutaties!$B$9)) -> 940.50469 | F3: =(('Zip 110 (2)'!F3/(1+Korting!$B$3)*(1-Korting!$B$2)*Prijsmutaties!$B$9)) -> 962.47504 | G3: =(('Zip 110 (2)'!G3/(1+Korting!$B$3)*(1-Korting!$B$2)*Prijsmutaties!$B$9)) -> 1012.8237 | H3: =(('Zip 110 (2)'!H3/(1+Korting!$B$3)*(1-Korting!$B$2)*Prijsmutaties!$B$9)) -> 1051.2718 | I3: =(('Zip 110 (2)'!I3/(1+Korting!$B$3)*(1-Korting!$B$2)*Prijsmutaties!$B$9)) -> 1166.6162 | J3: =(('Zip 110 (2)'!J3/(1+Korting!$B$3)*(1-Korting!$B$2)*Prijsmutaties!$B$9)) -> 1198.6562 | ... W3: =(('Zip 110 (2)'!W3/(1+Korting!$B$3)*(1-Korting!$B$2)*Prijsmutaties!$B$9)) -> 1690.2427
B4: 120 | C4: =(('Zip 110 (2)'!C4/(1+Korting!$B$3)*(1-Korting!$B$2)*Prijsmutaties!$B$9)) -> 853.53874 | D4: =(('Zip 110 (2)'!D4/(1+Korting!$B$3)*(1-Korting!$B$2)*Prijsmutaties!$B$9)) -> 910.29547 | E4: =(('Zip 110 (2)'!E4/(1+Korting!$B$3)*(1-Korting!$B$2)*Prijsmutaties!$B$9)) -> 958.81331 | F4: =(('Zip 110 (2)'!F4/(1+Korting!$B$3)*(1-Korting!$B$2)*Prijsmutaties!$B$9)) -> 980.78366 | G4: =(('Zip 110 (2)'!G4/(1+Korting!$B$3)*(1-Korting!$B$2)*Prijsmutaties!$B$9)) -> 1031.1324 | H4: =(('Zip 110 (2)'!H4/(1+Korting!$B$3)*(1-Korting!$B$2)*Prijsmutaties!$B$9)) -> 1069.5805 | I4: =(('Zip 110 (2)'!I4/(1+Korting!$B$3)*(1-Korting!$B$2)*Prijsmutaties!$B$9)) -> 1184.9248 | J4: =(('Zip 110 (2)'!J4/(1+Korting!$B$3)*(1-Korting!$B$2)*Prijsmutaties!$B$9)) -> 1216.9649 | ... W4: =(('Zip 110 (2)'!W4/(1+Korting!$B$3)*(1-Korting!$B$2)*Prijsmutaties!$B$9)) -> 1779.0395
B5: 140 | C5: =(('Zip 110 (2)'!C5/(1+Korting!$B$3)*(1-Korting!$B$2)*Prijsmutaties!$B$9)) -> 871.84737 | D5: =(('Zip 110 (2)'!D5/(1+Korting!$B$3)*(1-Korting!$B$2)*Prijsmutaties!$B$9)) -> 928.60409 | E5: =(('Zip 110 (2)'!E5/(1+Korting!$B$3)*(1-Korting!$B$2)*Prijsmutaties!$B$9)) -> 977.12193 | F5: =(('Zip 110 (2)'!F5/(1+Korting!$B$3)*(1-Korting!$B$2)*Prijsmutaties!$B$9)) -> 999.09228 | G5: =(('Zip 110 (2)'!G5/(1+Korting!$B$3)*(1-Korting!$B$2)*Prijsmutaties!$B$9)) -> 1049.441 | H5: =(('Zip 110 (2)'!H5/(1+Korting!$B$3)*(1-Korting!$B$2)*Prijsmutaties!$B$9)) -> 1087.8891 | I5: =(('Zip 110 (2)'!I5/(1+Korting!$B$3)*(1-Korting!$B$2)*Prijsmutaties!$B$9)) -> 1203.2334 | J5: =(('Zip 110 (2)'!J5/(1+Korting!$B$3)*(1-Korting!$B$2)*Prijsmutaties!$B$9)) -> 1235.2735 | ... W5: =(('Zip 110 (2)'!W5/(1+Korting!$B$3)*(1-Korting!$B$2)*Prijsmutaties!$B$9)) -> 1807.4179
B6: 160 | C6: =(('Zip 110 (2)'!C6/(1+Korting!$B$3)*(1-Korting!$B$2)*Prijsmutaties!$B$9)) -> 898.39487 | D6: =(('Zip 110 (2)'!D6/(1+Korting!$B$3)*(1-Korting!$B$2)*Prijsmutaties!$B$9)) -> 960.64418 | E6: =(('Zip 110 (2)'!E6/(1+Korting!$B$3)*(1-Korting!$B$2)*Prijsmutaties!$B$9)) -> 1007.3312 | F6: =(('Zip 110 (2)'!F6/(1+Korting!$B$3)*(1-Korting!$B$2)*Prijsmutaties!$B$9)) -> 1031.1324 | G6: =(('Zip 110 (2)'!G6/(1+Korting!$B$3)*(1-Korting!$B$2)*Prijsmutaties!$B$9)) -> 1079.6502 | H6: =(('Zip 110 (2)'!H6/(1+Korting!$B$3)*(1-Korting!$B$2)*Prijsmutaties!$B$9)) -> 1124.5063 | I6: =(('Zip 110 (2)'!I6/(1+Korting!$B$3)*(1-Korting!$B$2)*Prijsmutaties!$B$9)) -> 1233.4426 | J6: =(('Zip 110 (2)'!J6/(1+Korting!$B$3)*(1-Korting!$B$2)*Prijsmutaties!$B$9)) -> 1271.8907 | ... W6: =(('Zip 110 (2)'!W6/(1+Korting!$B$3)*(1-Korting!$B$2)*Prijsmutaties!$B$9)) -> 1839.458
B7: 180 | C7: =(('Zip 110 (2)'!C7/(1+Korting!$B$3)*(1-Korting!$B$2)*Prijsmutaties!$B$9)) -> 928.60409 | D7: =(('Zip 110 (2)'!D7/(1+Korting!$B$3)*(1-Korting!$B$2)*Prijsmutaties!$B$9)) -> 990.8534 | E7: =(('Zip 110 (2)'!E7/(1+Korting!$B$3)*(1-Korting!$B$2)*Prijsmutaties!$B$9)) -> 1039.3712 | F7: =(('Zip 110 (2)'!F7/(1+Korting!$B$3)*(1-Korting!$B$2)*Prijsmutaties!$B$9)) -> 1067.7496 | G7: =(('Zip 110 (2)'!G7/(1+Korting!$B$3)*(1-Korting!$B$2)*Prijsmutaties!$B$9)) -> 1122.6755 | H7: =(('Zip 110 (2)'!H7/(1+Korting!$B$3)*(1-Korting!$B$2)*Prijsmutaties!$B$9)) -> 1161.1236 | I7: =(('Zip 110 (2)'!I7/(1+Korting!$B$3)*(1-Korting!$B$2)*Prijsmutaties!$B$9)) -> 1275.5525 | J7: =(('Zip 110 (2)'!J7/(1+Korting!$B$3)*(1-Korting!$B$2)*Prijsmutaties!$B$9)) -> 1314.0006 | ... W7: =(('Zip 110 (2)'!W7/(1+Korting!$B$3)*(1-Korting!$B$2)*Prijsmutaties!$B$9)) -> 1859.5975
B8: 200 | C8: =(('Zip 110 (2)'!C8/(1+Korting!$B$3)*(1-Korting!$B$2)*Prijsmutaties!$B$9)) -> 972.54478 | D8: =(('Zip 110 (2)'!D8/(1+Korting!$B$3)*(1-Korting!$B$2)*Prijsmutaties!$B$9)) -> 1035.7095 | E8: =(('Zip 110 (2)'!E8/(1+Korting!$B$3)*(1-Korting!$B$2)*Prijsmutaties!$B$9)) -> 1087.8891 | F8: =(('Zip 110 (2)'!F8/(1+Korting!$B$3)*(1-Korting!$B$2)*Prijsmutaties!$B$9)) -> 1116.2675 | G8: =(('Zip 110 (2)'!G8/(1+Korting!$B$3)*(1-Korting!$B$2)*Prijsmutaties!$B$9)) -> 1171.1933 | H8: =(('Zip 110 (2)'!H8/(1+Korting!$B$3)*(1-Korting!$B$2)*Prijsmutaties!$B$9)) -> 1281.9605 | I8: =(('Zip 110 (2)'!I8/(1+Korting!$B$3)*(1-Korting!$B$2)*Prijsmutaties!$B$9)) -> 1342.3789 | J8: =(('Zip 110 (2)'!J8/(1+Korting!$B$3)*(1-Korting!$B$2)*Prijsmutaties!$B$9)) -> 1380.827 | ... W8: =(('Zip 110 (2)'!W8/(1+Korting!$B$3)*(1-Korting!$B$2)*Prijsmutaties!$B$9)) -> 1961.2103
B9: 220 | C9: =(('Zip 110 (2)'!C9/(1+Korting!$B$3)*(1-Korting!$B$2)*Prijsmutaties!$B$9)) -> 990.8534 | D9: =(('Zip 110 (2)'!D9/(1+Korting!$B$3)*(1-Korting!$B$2)*Prijsmutaties!$B$9)) -> 1054.0181 | E9: =(('Zip 110 (2)'!E9/(1+Korting!$B$3)*(1-Korting!$B$2)*Prijsmutaties!$B$9)) -> 1106.1977 | F9: =(('Zip 110 (2)'!F9/(1+Korting!$B$3)*(1-Korting!$B$2)*Prijsmutaties!$B$9)) -> 1134.5761 | G9: =(('Zip 110 (2)'!G9/(1+Korting!$B$3)*(1-Korting!$B$2)*Prijsmutaties!$B$9)) -> 1188.5865 | H9: =(('Zip 110 (2)'!H9/(1+Korting!$B$3)*(1-Korting!$B$2)*Prijsmutaties!$B$9)) -> 1300.2691 | I9: =(('Zip 110 (2)'!I9/(1+Korting!$B$3)*(1-Korting!$B$2)*Prijsmutaties!$B$9)) -> 1360.6875 | J9: =(('Zip 110 (2)'!J9/(1+Korting!$B$3)*(1-Korting!$B$2)*Prijsmutaties!$B$9)) -> 1397.3048 | ... W9: =(('Zip 110 (2)'!W9/(1+Korting!$B$3)*(1-Korting!$B$2)*Prijsmutaties!$B$9)) -> 1983.1806
B10: 240 | C10: =(('Zip 110 (2)'!C10/(1+Korting!$B$3)*(1-Korting!$B$2)*Prijsmutaties!$B$9)) -> 1022.8935 | D10: =(('Zip 110 (2)'!D10/(1+Korting!$B$3)*(1-Korting!$B$2)*Prijsmutaties!$B$9)) -> 1091.5508 | E10: =(('Zip 110 (2)'!E10/(1+Korting!$B$3)*(1-Korting!$B$2)*Prijsmutaties!$B$9)) -> 1144.6458 | F10: =(('Zip 110 (2)'!F10/(1+Korting!$B$3)*(1-Korting!$B$2)*Prijsmutaties!$B$9)) -> 1176.6859 | G10: =(('Zip 110 (2)'!G10/(1+Korting!$B$3)*(1-Korting!$B$2)*Prijsmutaties!$B$9)) -> 1239.8506 | H10: =(('Zip 110 (2)'!H10/(1+Korting!$B$3)*(1-Korting!$B$2)*Prijsmutaties!$B$9)) -> 1348.7869 | I10: =(('Zip 110 (2)'!I10/(1+Korting!$B$3)*(1-Korting!$B$2)*Prijsmutaties!$B$9)) -> 1409.2054 | J10: =(('Zip 110 (2)'!J10/(1+Korting!$B$3)*(1-Korting!$B$2)*Prijsmutaties!$B$9)) -> 1451.3152 | ... W10: =(('Zip 110 (2)'!W10/(1+Korting!$B$3)*(1-Korting!$B$2)*Prijsmutaties!$B$9)) -> 2080.2163
B11: 260 | C11: =(('Zip 110 (2)'!C11/(1+Korting!$B$3)*(1-Korting!$B$2)*Prijsmutaties!$B$9)) -> 1041.2021 | D11: =(('Zip 110 (2)'!D11/(1+Korting!$B$3)*(1-Korting!$B$2)*Prijsmutaties!$B$9)) -> 1109.8594 | E11: =(('Zip 110 (2)'!E11/(1+Korting!$B$3)*(1-Korting!$B$2)*Prijsmutaties!$B$9)) -> 1162.9544 | F11: =(('Zip 110 (2)'!F11/(1+Korting!$B$3)*(1-Korting!$B$2)*Prijsmutaties!$B$9)) -> 1194.9945 | G11: =(('Zip 110 (2)'!G11/(1+Korting!$B$3)*(1-Korting!$B$2)*Prijsmutaties!$B$9)) -> 1257.2438 | H11: =(('Zip 110 (2)'!H11/(1+Korting!$B$3)*(1-Korting!$B$2)*Prijsmutaties!$B$9)) -> 1367.0956 | I11: =(('Zip 110 (2)'!I11/(1+Korting!$B$3)*(1-Korting!$B$2)*Prijsmutaties!$B$9)) -> 1427.514 | J11: =(('Zip 110 (2)'!J11/(1+Korting!$B$3)*(1-Korting!$B$2)*Prijsmutaties!$B$9)) -> 1469.6238 | ... W11: =(('Zip 110 (2)'!W11/(1+Korting!$B$3)*(1-Korting!$B$2)*Prijsmutaties!$B$9)) -> 2092.1169
B12: 270 | C12: =(('Zip 110 (2)'!C12/(1+Korting!$B$3)*(1-Korting!$B$2)*Prijsmutaties!$B$9)) -> 1104.3668 | D12: =(('Zip 110 (2)'!D12/(1+Korting!$B$3)*(1-Korting!$B$2)*Prijsmutaties!$B$9)) -> 1235.2735 | E12: =(('Zip 110 (2)'!E12/(1+Korting!$B$3)*(1-Korting!$B$2)*Prijsmutaties!$B$9)) -> 1280.1296 | F12: =(('Zip 110 (2)'!F12/(1+Korting!$B$3)*(1-Korting!$B$2)*Prijsmutaties!$B$9)) -> 1293.8611 | G12: =(('Zip 110 (2)'!G12/(1+Korting!$B$3)*(1-Korting!$B$2)*Prijsmutaties!$B$9)) -> 1372.5881 | H12: =(('Zip 110 (2)'!H12/(1+Korting!$B$3)*(1-Korting!$B$2)*Prijsmutaties!$B$9)) -> 1455.8924 | I12: =(('Zip 110 (2)'!I12/(1+Korting!$B$3)*(1-Korting!$B$2)*Prijsmutaties!$B$9)) -> 1530.0423 | J12: =(('Zip 110 (2)'!J12/(1+Korting!$B$3)*(1-Korting!$B$2)*Prijsmutaties!$B$9)) -> 1566.6595 | ... W12: =(('Zip 110 (2)'!W12/(1+Korting!$B$3)*(1-Korting!$B$2)*Prijsmutaties!$B$9)) -> 2182.7446
C14: Meerprijs Trend / RAL kleuren
B15: B | C15: 100 | D15: 120 | E15: 140 | F15: 160 | G15: 180 | H15: 200 | I15: 220 | J15: 240 | K15: 260 | L15: 280 | M15: 300 | N15: 320 | O15: 340 | P15: 360 | Q15: 380 | R15: 400 | S15: 420 | T15: 440 | U15: 460 | V15: 480 | W15: 500
B16: RAL | C16: =(('Zip 110 (2)'!C16/(1+Korting!$B$3)*(1-Korting!$B$2)*Prijsmutaties!$B$9)) -> 198.64854 | D16: =(('Zip 110 (2)'!D16/(1+Korting!$B$3)*(1-Korting!$B$2)*Prijsmutaties!$B$9)) -> 198.64854 | E16: =(('Zip 110 (2)'!E16/(1+Korting!$B$3)*(1-Korting!$B$2)*Prijsmutaties!$B$9)) -> 198.64854 | F16: =(('Zip 110 (2)'!F16/(1+Korting!$B$3)*(1-Korting!$B$2)*Prijsmutaties!$B$9)) -> 198.64854 | G16: =(('Zip 110 (2)'!G16/(1+Korting!$B$3)*(1-Korting!$B$2)*Prijsmutaties!$B$9)) -> 198.64854 | H16: =(('Zip 110 (2)'!H16/(1+Korting!$B$3)*(1-Korting!$B$2)*Prijsmutaties!$B$9)) -> 255.40526 | I16: =(('Zip 110 (2)'!I16/(1+Korting!$B$3)*(1-Korting!$B$2)*Prijsmutaties!$B$9)) -> 255.40526 | J16: =(('Zip 110 (2)'!J16/(1+Korting!$B$3)*(1-Korting!$B$2)*Prijsmutaties!$B$9)) -> 255.40526 | ... W16: =(('Zip 110 (2)'!W16/(1+Korting!$B$3)*(1-Korting!$B$2)*Prijsmutaties!$B$9)) -> 473.27785
B17: Trend | C17: =(('Zip 110 (2)'!C17/(1+Korting!$B$3)*(1-Korting!$B$2)*Prijsmutaties!$B$9)) -> 99.324268 | D17: =(('Zip 110 (2)'!D17/(1+Korting!$B$3)*(1-Korting!$B$2)*Prijsmutaties!$B$9)) -> 99.324268 | E17: =(('Zip 110 (2)'!E17/(1+Korting!$B$3)*(1-Korting!$B$2)*Prijsmutaties!$B$9)) -> 99.324268 | F17: =(('Zip 110 (2)'!F17/(1+Korting!$B$3)*(1-Korting!$B$2)*Prijsmutaties!$B$9)) -> 99.324268 | G17: =(('Zip 110 (2)'!G17/(1+Korting!$B$3)*(1-Korting!$B$2)*Prijsmutaties!$B$9)) -> 99.324268 | H17: =(('Zip 110 (2)'!H17/(1+Korting!$B$3)*(1-Korting!$B$2)*Prijsmutaties!$B$9)) -> 127.70263 | I17: =(('Zip 110 (2)'!I17/(1+Korting!$B$3)*(1-Korting!$B$2)*Prijsmutaties!$B$9)) -> 127.70263 | J17: =(('Zip 110 (2)'!J17/(1+Korting!$B$3)*(1-Korting!$B$2)*Prijsmutaties!$B$9)) -> 127.70263 | ... W17: =(('Zip 110 (2)'!W17/(1+Korting!$B$3)*(1-Korting!$B$2)*Prijsmutaties!$B$9)) -> 236.63892
A19: Veelgekozen opties
A20: Solaruitvoering Somfy RS 100 io (excl. zender)* | J20: =(('Zip 110 (2)'!J20/(1+Korting!$B$3)*(1-Korting!$B$2)*Prijsmutaties!$G$9)) -> 143.31472 | K20: =(('Zip 110 (2)'!K20/(1+Korting!$B$3)*(1-Korting!$B$2))) -> 0
A21: Solaruitvoering Brel incl. 1-kanaals handzender | J21: =(('Zip 110 (2)'!J21/(1+Korting!$B$3)*(1-Korting!$B$2)*Prijsmutaties!$G$9)) -> 111.76745 | K21: =(('Zip 110 (2)'!K21/(1+Korting!$B$3)*(1-Korting!$B$2))) -> 0
A22: Situo 1 io handzender | J22: =(('Zip 110 (2)'!J23/(1+Korting!$B$3)*(1-Korting!$B$2)*Prijsmutaties!$G$9)) -> 63.094529 | K22: =(('Zip 110 (2)'!K23/(1+Korting!$B$3)*(1-Korting!$B$2))) -> 0
A23: Verlengkabel Somfy solar met stekker 1 meter | J23: =(('Zip 110 (2)'!J24/(1+Korting!$B$3)*(1-Korting!$B$2)*Prijsmutaties!$G$9)) -> 17.125658 | K23: =(('Zip 110 (2)'!K24/(1+Korting!$B$3)*(1-Korting!$B$2))) -> 0
A24: Minderprijs LT 50 32 rpm | J24: =(('Zip 110 (2)'!J25/(1+Korting!$B$3)*(1-Korting!$B$2)*Prijsmutaties!$G$9)) -> -73.910734 | K24: =(('Zip 110 (2)'!K25/(1+Korting!$B$3)*(1-Korting!$B$2))) -> 0
A25: Wandmontagebeugel | J25: =(('Zip 110 (2)'!J26/(1+Korting!$B$3)*(1-Korting!$B$2)*Prijsmutaties!$G$9)) -> 14.421607 | K25: =(('Zip 110 (2)'!K26/(1+Korting!$B$3)*(1-Korting!$B$2))) -> 0
A26: LHTF geleider per meter | J26: =(('Zip 110 (2)'!J27/(1+Korting!$B$3)*(1-Korting!$B$2)*Prijsmutaties!$G$9)) -> 12.618906 | K26: =(('Zip 110 (2)'!K27/(1+Korting!$B$3)*(1-Korting!$B$2))) -> 0
A27: Verandageleider in de dag per meter | J27: =(('Zip 110 (2)'!J28/(1+Korting!$B$3)*(1-Korting!$B$2)*Prijsmutaties!$G$9)) -> 5.4081025 | K27: =(('Zip 110 (2)'!K28/(1+Korting!$B$3)*(1-Korting!$B$2))) -> 0
A29: * Somfy Solar wordt altijd uitgevoerd met Zip Design 110 cassette, 105 kast wordt geleverd zolang de voorraad strekt verwachting is eind Q1 2025.

Sheet Zip Veranda
A1: SunZip Design Veranda (Sunilus io 17 rpm)
A2: Sunilus io motor (17rpm) | B2: H B | C2: 200 | D2: 250 | E2: 300 | F2: 350 | G2: 400 | H2: 450 | I2: 500 | J2: 550 | K2: 600
B3: 200 | C3: =(('Zip 110 (2)'!AC3/(1+Korting!$B$3)*(1-Korting!$B$2)*Prijsmutaties!$B$9)) -> 1308.8209 | D3: =(('Zip 110 (2)'!AD3/(1+Korting!$B$3)*(1-Korting!$B$2)*Prijsmutaties!$B$9)) -> 1461.0937 | E3: =(('Zip 110 (2)'!AE3/(1+Korting!$B$3)*(1-Korting!$B$2)*Prijsmutaties!$B$9)) -> 1542.6684 | F3: =(('Zip 110 (2)'!AF3/(1+Korting!$B$3)*(1-Korting!$B$2)*Prijsmutaties!$B$9)) -> 1710.3497 | G3: =(('Zip 110 (2)'!AG3/(1+Korting!$B$3)*(1-Korting!$B$2)*Prijsmutaties!$B$9)) -> 1791.9245 | H3: =(('Zip 110 (2)'!AH3/(1+Korting!$B$3)*(1-Korting!$B$2)*Prijsmutaties!$B$9)) -> 1898.8374 | I3: =(('Zip 110 (2)'!AI3/(1+Korting!$B$3)*(1-Korting!$B$2)*Prijsmutaties!$B$9)) -> 2016.7081 | J3: =(('Zip 110 (2)'!AJ3/(1+Korting!$B$3)*(1-Korting!$B$2)*Prijsmutaties!$B$9)) -> 2251.462 | K3: =(('Zip 110 (2)'!AK3/(1+Korting!$B$3)*(1-Korting!$B$2)*Prijsmutaties!$B$9)) -> 2251.462
B4: 250 | C4: =(('Zip 110 (2)'!AC4/(1+Korting!$B$3)*(1-Korting!$B$2)*Prijsmutaties!$B$9)) -> 1394.0211 | D4: =(('Zip 110 (2)'!AD4/(1+Korting!$B$3)*(1-Korting!$B$2)*Prijsmutaties!$B$9)) -> 1552.6386 | E4: =(('Zip 110 (2)'!AE4/(1+Korting!$B$3)*(1-Korting!$B$2)*Prijsmutaties!$B$9)) -> 1668.656 | F4: =(('Zip 110 (2)'!AF4/(1+Korting!$B$3)*(1-Korting!$B$2)*Prijsmutaties!$B$9)) -> 1814.5841 | G4: =(('Zip 110 (2)'!AG4/(1+Korting!$B$3)*(1-Korting!$B$2)*Prijsmutaties!$B$9)) -> 1900.6907 | H4: =(('Zip 110 (2)'!AH4/(1+Korting!$B$3)*(1-Korting!$B$2)*Prijsmutaties!$B$9)) -> 2017.6145 | I4: =(('Zip 110 (2)'!AI4/(1+Korting!$B$3)*(1-Korting!$B$2)*Prijsmutaties!$B$9)) -> 2135.4446 | J4: =(('Zip 110 (2)'!AJ4/(1+Korting!$B$3)*(1-Korting!$B$2)*Prijsmutaties!$B$9)) -> 2370.1985 | K4: =(('Zip 110 (2)'!AK4/(1+Korting!$B$3)*(1-Korting!$B$2)*Prijsmutaties!$B$9)) -> 2370.1985
B5: 270 | C5: =(('Zip 110 (2)'!AC5/(1+Korting!$B$3)*(1-Korting!$B$2)*Prijsmutaties!$B$9)) -> 1564.4217 | D5: =(('Zip 110 (2)'!AD5/(1+Korting!$B$3)*(1-Korting!$B$2)*Prijsmutaties!$B$9)) -> 1646.9027 | E5: =(('Zip 110 (2)'!AE5/(1+Korting!$B$3)*(1-Korting!$B$2)*Prijsmutaties!$B$9)) -> 1788.2989 | F5: =(('Zip 110 (2)'!AF5/(1+Korting!$B$3)*(1-Korting!$B$2)*Prijsmutaties!$B$9)) -> 1925.1631 | G5: =(('Zip 110 (2)'!AG5/(1+Korting!$B$3)*(1-Korting!$B$2)*Prijsmutaties!$B$9)) -> 1994.0485 | H5: =(('Zip 110 (2)'!AH5/(1+Korting!$B$3)*(1-Korting!$B$2)*Prijsmutaties!$B$9)) -> 2109.1594 | I5: =(('Zip 110 (2)'!AI5/(1+Korting!$B$3)*(1-Korting!$B$2)*Prijsmutaties!$B$9)) -> 2226.9896 | J5: =(('Zip 110 (2)'!AJ5/(1+Korting!$B$3)*(1-Korting!$B$2)*Prijsmutaties!$B$9)) -> 2461.7435 | K5: =(('Zip 110 (2)'!AK5/(1+Korting!$B$3)*(1-Korting!$B$2)*Prijsmutaties!$B$9)) -> 2461.7435
C7: Meerprijs Trend / RAL kleuren
B8: B | C8: 200 | D8: 250 | E8: 300 | F8: 350 | G8: 400 | H8: 450 | I8: 500 | J8: 550 | K8: 600
B9: RAL | C9: =(('Zip 110 (2)'!AC9/(1+Korting!$B$3)*(1-Korting!$B$2)*Prijsmutaties!$B$9)) -> 255.93026 | D9: =(('Zip 110 (2)'!AD9/(1+Korting!$B$3)*(1-Korting!$B$2)*Prijsmutaties!$B$9)) -> 255.93026 | E9: =(('Zip 110 (2)'!AE9/(1+Korting!$B$3)*(1-Korting!$B$2)*Prijsmutaties!$B$9)) -> 312.74969 | F9: =(('Zip 110 (2)'!AF9/(1+Korting!$B$3)*(1-Korting!$B$2)*Prijsmutaties!$B$9)) -> 312.74969 | G9: =(('Zip 110 (2)'!AG9/(1+Korting!$B$3)*(1-Korting!$B$2)*Prijsmutaties!$B$9)) -> 369.08349 | H9: =(('Zip 110 (2)'!AH9/(1+Korting!$B$3)*(1-Korting!$B$2)*Prijsmutaties!$B$9)) -> 417.6471 | I9: =(('Zip 110 (2)'!AI9/(1+Korting!$B$3)*(1-Korting!$B$2)*Prijsmutaties!$B$9)) -> 473.27785 | J9: =(('Zip 110 (2)'!AJ9/(1+Korting!$B$3)*(1-Korting!$B$2)*Prijsmutaties!$B$9)) -> 577.73318 | K9: =(('Zip 110 (2)'!AK9/(1+Korting!$B$3)*(1-Korting!$B$2)*Prijsmutaties!$B$9)) -> 577.73318
B10: Trend | C10: =(('Zip 110 (2)'!AC10/(1+Korting!$B$3)*(1-Korting!$B$2)*Prijsmutaties!$B$9)) -> 127.96513 | D10: =(('Zip 110 (2)'!AD10/(1+Korting!$B$3)*(1-Korting!$B$2)*Prijsmutaties!$B$9)) -> 127.96513 | E10: =(('Zip 110 (2)'!AE10/(1+Korting!$B$3)*(1-Korting!$B$2)*Prijsmutaties!$B$9)) -> 156.37485 | F10: =(('Zip 110 (2)'!AF10/(1+Korting!$B$3)*(1-Korting!$B$2)*Prijsmutaties!$B$9)) -> 156.37485 | G10: =(('Zip 110 (2)'!AG10/(1+Korting!$B$3)*(1-Korting!$B$2)*Prijsmutaties!$B$9)) -> 184.54174 | H10: =(('Zip 110 (2)'!AH10/(1+Korting!$B$3)*(1-Korting!$B$2)*Prijsmutaties!$B$9)) -> 208.82355 | I10: =(('Zip 110 (2)'!AI10/(1+Korting!$B$3)*(1-Korting!$B$2)*Prijsmutaties!$B$9)) -> 236.63892 | J10: =(('Zip 110 (2)'!AJ10/(1+Korting!$B$3)*(1-Korting!$B$2)*Prijsmutaties!$B$9)) -> 288.86659 | K10: =(('Zip 110 (2)'!AK10/(1+Korting!$B$3)*(1-Korting!$B$2)*Prijsmutaties!$B$9)) -> 288.86659
A12: Veelgekozen opties
A13: Solaruitvoering Somfy RS 100 io (excl. zender)* | J13: =(('Zip 110 (2)'!J20/(1+Korting!$B$3)*(1-Korting!$B$2)*Prijsmutaties!$G$9)) -> 143.31472 | K13: =(('Zip 110 (2)'!K20/(1+Korting!$B$3)*(1-Korting!$B$2))) -> 0
A14: Solaruitvoering Brel met 1-kanaals handzender (meerprijs) | J14: =(('Zip 110 (2)'!J21/(1+Korting!$B$3)*(1-Korting!$B$2)*Prijsmutaties!$G$9)) -> 111.76745 | K14: =(('Zip 110 (2)'!K21/(1+Korting!$B$3)*(1-Korting!$B$2))) -> 0
A15: Situo 1 io handzender | J15: =(('Zip 110 (2)'!J23/(1+Korting!$B$3)*(1-Korting!$B$2)*Prijsmutaties!$G$9)) -> 63.094529 | K15: =(('Zip 110 (2)'!K23/(1+Korting!$B$3)*(1-Korting!$B$2))) -> 0
A16: Verlengkabel Somfy solar met stekker 1 meter | J16: =(('Zip 110 (2)'!J24/(1+Korting!$B$3)*(1-Korting!$B$2)*Prijsmutaties!$G$9)) -> 17.125658 | K16: =(('Zip 110 (2)'!K24/(1+Korting!$B$3)*(1-Korting!$B$2))) -> 0
A17: Minderprijs LT 50 32 rpm | J17: =(('Zip 110 (2)'!J25/(1+Korting!$B$3)*(1-Korting!$B$2)*Prijsmutaties!$G$9)) -> -73.910734 | K17: =(('Zip 110 (2)'!K25/(1+Korting!$B$3)*(1-Korting!$B$2))) -> 0

Sheet Zip 130 (2)
A1: Zip Square 130 (Max)
A2: Motor (LT50 12rpm) | B2: H B | C2: 100 | D2: 120 | E2: 140 | F2: 160 | G2: 180 | H2: 200 | I2: 220 | J2: 240 | K2: 260 | L2: 280 | M2: 300 | N2: 320 | O2: 340 | P2: 360 | Q2: 380 | R2: 400 | S2: 420 | T2: 440 | U2: 460 | V2: 480 | W2: 500
B3: 100 | C3: 921.77191 | D3: 949.10462 | E3: 984.91989 | F3: 1013.1951 | G3: 1050.8954 | H3: 1080.1131 | I3: 1109.3308 | J3: 1147.0311 | K3: 1176.2488 | L3: 1202.639 | M3: 1238.4543 | N3: 1273.327 | O3: 1307.2573 | P3: 1336.475 | Q3: 1369.4628 | R3: 1398.6805 | S3: 1483.5061 | T3: 1498.5862 | U3: 1507.0688 | V3: 1519.3214 | W3: 1529.689
B4: 120 | C4: 957.58718 | D4: 995.28746 | E4: 1024.5052 | F4: 1063.148 | G4: 1098.9632 | H4: 1133.836 | I4: 1167.7663 | J4: 1200.754 | K4: 1238.4543 | L4: 1273.327 | M4: 1309.1423 | N4: 1340.2451 | O4: 1373.2328 | P4: 1412.8181 | Q4: 1446.7484 | R4: 1481.6211 | S4: 1574.9293 | T4: 1583.4119 | U4: 1600.377 | V4: 1612.6296 | W4: 1624.8822
B5: 140 | C5: 992.45994 | D5: 1032.0452 | E5: 1071.6305 | F5: 1109.3308 | G5: 1147.0311 | H5: 1183.7889 | I5: 1228.0867 | J5: 1265.787 | K5: 1296.8897 | L5: 1338.36 | M5: 1373.2328 | N5: 1414.7031 | O5: 1448.6334 | P5: 1486.3336 | Q5: 1527.804 | R5: 1564.5617 | S5: 1662.5825 | T5: 1671.065 | U5: 1681.4326 | V5: 1698.3977 | W5: 1710.6503
B6: 160 | C6: 1030.1602 | D6: 1073.5156 | E6: 1117.8134 | F6: 1152.6861 | G6: 1195.099 | H6: 1231.8567 | I6: 1276.1546 | J6: 1317.6249 | K6: 1359.0952 | L6: 1400.5655 | M6: 1440.1508 | N6: 1481.6211 | O6: 1519.3214 | P6: 1562.6767 | Q6: 1604.147 | R6: 1643.7323 | S6: 1745.5231 | T6: 1755.8907 | U6: 1769.0858 | V6: 1779.4533 | W6: 1789.8209
B7: 180 | C7: 1076.3431 | D7: 1115.9284 | E7: 1159.2837 | F7: 1202.639 | G7: 1244.1093 | H7: 1288.4072 | I7: 1336.475 | J7: 1377.9453 | K7: 1417.5306 | L7: 1462.771 | M7: 1507.0688 | N7: 1548.5391 | O7: 1590.0094 | P7: 1635.2498 | Q7: 1681.4326 | R7: 1727.6155 | S7: 1835.0613 | T7: 1843.5438 | U7: 1855.7964 | V7: 1870.8765 | W7: 1879.3591
B8: 200 | C8: 1113.1008 | D8: 1157.3987 | E8: 1207.3516 | F8: 1257.3044 | G8: 1302.5448 | H8: 1346.8426 | I8: 1392.0829 | J8: 1443.9208 | K8: 1483.5061 | L8: 1533.459 | M8: 1577.7568 | N8: 1627.7097 | O8: 1674.8351 | P8: 1717.2479 | Q8: 1762.4882 | R8: 1814.3261 | S8: 1924.5994 | T8: 1937.7945 | U8: 1951.9321 | V8: 1960.4147 | W8: 1974.5523
B9: 220 | C9: 1145.1461 | D9: 1196.984 | E9: 1244.1093 | F9: 1290.2922 | G9: 1344.0151 | H9: 1392.0829 | I9: 1440.1508 | J9: 1488.2187 | K9: 1538.1715 | L9: 1585.2969 | M9: 1635.2498 | N9: 1688.0302 | O9: 1735.1555 | P9: 1785.1084 | Q9: 1835.0613 | R9: 1879.3591 | S9: 1995.2875 | T9: 2008.4826 | U9: 2020.7352 | V9: 2031.1027 | W9: 2045.2403
B10: 240 | C10: 1188.5014 | D10: 1240.3393 | E10: 1286.5221 | F10: 1342.1301 | G10: 1392.0829 | H10: 1446.7484 | I10: 1496.7012 | J10: 1550.4241 | K10: 1600.377 | L10: 1654.0999 | M10: 1700.2828 | N10: 1750.2356 | O10: 1803.9585 | P10: 1858.6239 | Q10: 1910.4618 | R10: 1960.4147 | S10: 2084.8256 | T10: 2093.3082 | U10: 2105.5608 | V10: 2122.5259 | W10: 2136.6635
B11: 260 | C11: 1226.2017 | D11: 1283.6946 | E11: 1340.2451 | F11: 1390.1979 | G11: 1448.6334 | H11: 1498.5862 | I11: 1557.0217 | J11: 1596.607 | K11: 1652.2149 | L11: 1706.8803 | M11: 1760.6032 | N11: 1819.0386 | O11: 1872.7615 | P11: 1926.4844 | Q11: 1983.0349 | R11: 2043.3553 | S11: 2168.7088 | T11: 2179.0763 | U11: 2191.3289 | V11: 2201.6965 | W11: 2212.0641
B12: 280 | C12: 1262.9595 | D12: 1321.3949 | E12: 1376.0603 | F12: 1431.6682 | G12: 1490.1037 | H12: 1543.8266 | I12: 1604.147 | J12: 1641.8473 | K12: 1698.3977 | L12: 1755.8907 | M12: 1808.6711 | N12: 1866.164 | O12: 1924.5994 | P12: 1981.1499 | Q12: 2032.9877 | R12: 2093.3082 | S12: 2220.5467 | T12: 2236.5693 | U12: 2246.9369 | V12: 2260.132 | W12: 2274.2696
B13: 300 | C13: 1286.5221 | D13: 1350.6126 | E13: 1409.0481 | F13: 1460.886 | G13: 1523.0914 | H13: 1583.4119 | I13: 1633.3648 | J13: 1667.295 | K13: 1731.3855 | L13: 1787.9359 | M13: 1848.2564 | N13: 1914.2319 | O13: 1966.0697 | P13: 2024.5052 | Q13: 2074.4581 | R13: 2134.7785 | S13: 2265.787 | T13: 2278.9821 | U13: 2289.3497 | V13: 2303.4873 | W13: 2317.6249
B14: 320 | C14: 1464.656 | D14: 1536.2865 | E14: 1600.377 | F14: 1660.6975 | G14: 1731.3855 | H14: 1800.1885 | I14: 1855.7964 | J14: 1893.4967 | K14: 1966.0697 | L14: 2026.3902 | M14: 2091.4232 | N14: 2165.8812 | O14: 2224.3167 | P14: 2295.0047 | Q14: 2355.3252 | R14: 2424.1282 | S14: 2436.3808 | T14: 2446.7484 | U14: 2461.8285 | V14: 2474.0811 | W14: 2486.3336
B15: 340 | D15: 1583.4119 | E15: 1648.4449 | F15: 1708.7653 | G15: 1781.3384 | H15: 1845.4288 | I15: 1895.3817 | J15: 1939.6795 | K15: 2012.2526 | L15: 2076.3431 | M15: 2139.491 | N15: 2215.8341 | O15: 2276.1546 | P15: 2336.475 | Q15: 2399.623 | R15: 2470.311 | S15: 2482.5636 | T15: 2492.9312 | U15: 2505.1838
B16: 360 | D16: 1602.262 | E16: 1667.295 | F16: 1731.3855 | G16: 1803.9585 | H16: 1868.9915 | I16: 1926.4844 | J16: 1964.1847 | K16: 2032.9877 | L16: 2095.1932 | M16: 2160.2262 | N16: 2234.6843 | O16: 2299.7172 | P16: 2363.8077 | Q16: 2422.2432 | R16: 2491.0462 | S16: 2503.2988
B17: 380 | E17: 1688.0302 | F17: 1748.3506 | G17: 1816.2111 | H17: 1881.2441 | I17: 1939.6795 | J17: 1981.1499 | K17: 2051.8379 | L17: 2114.0434 | M17: 2174.3638 | N17: 2251.6494 | O17: 2311.9698 | P17: 2372.2903 | Q17: 2434.4958 | R17: 2505.1838
B18: 400 | E18: 1698.3977 | F18: 1764.3732 | G18: 1833.1762 | H18: 1895.3817 | I18: 1953.8172 | J18: 1993.4025 | K18: 2062.2055 | L18: 2124.4109 | M18: 2191.3289 | N18: 2265.787 | O18: 2327.9925 | P18: 2389.2554 | Q18: 2449.5759
B19: 420 | F19: 1774.7408 | G19: 1843.5438 | H19: 1912.3468 | I19: 1972.6673 | J19: 2005.655 | K19: 2079.1706 | L19: 2141.3761 | M19: 2205.4665 | N19: 2282.7521 | O19: 2339.3025 | P19: 2403.393 | Q19: 2463.7135
B20: 440 | F20: 1791.7059 | G20: 1862.394 | H20: 1926.4844 | I20: 1983.0349 | J20: 2020.7352 | K20: 2091.4232 | L20: 2153.6287 | M20: 2218.6616 | N20: 2293.1197 | O20: 2355.3252 | P20: 2422.2432
B21: 460 | G21: 1874.6466 | H21: 1939.6795 | I21: 2000 | J21: 2036.7578 | K21: 2105.5608 | L21: 2168.7088 | M21: 2232.7992 | N21: 2310.0848 | O21: 2370.4053
B22: 480 | G22: 1889.7267 | H22: 1951.9321 | I22: 2010.3676 | J22: 2049.9529 | K22: 2122.5259 | L22: 2180.9614 | M22: 2245.0518 | N22: 2322.3374
B23: 500 | H23: 1966.0697 | I23: 2026.3902 | J23: 2065.9755 | K23: 2134.7785 | L23: 2199.8115 | M23: 2263.902 | N23: 2339.3025
C24: Meerprijs Trend / RAL kleuren
B25: B | C25: 100 | D25: 120 | E25: 140 | F25: 160 | G25: 180 | H25: 200 | I25: 220 | J25: 240 | K25: 260 | L25: 280 | M25: 300 | N25: 320 | O25: 340 | P25: 360 | Q25: 380 | R25: 400 | S25: 420 | T25: 440 | U25: 460 | V25: 480 | W25: 500
B26: RAL | C26: 204.52403 | D26: 204.52403 | E26: 204.52403 | F26: 204.52403 | G26: 204.52403 | H26: 262.95947 | I26: 262.95947 | J26: 262.95947 | K26: 262.95947 | L26: 262.95947 | M26: 320.4524 | N26: 320.4524 | O26: 320.4524 | P26: 320.4524 | Q26: 320.4524 | R26: 378.88784 | S26: 378.88784 | T26: 378.88784 | U26: 428.84072 | V26: 428.84072 | W26: 487.27615
B27: Trend | C27: 122.71442 | D27: 122.71442 | E27: 122.71442 | F27: 122.71442 | G27: 122.71442 | H27: 157.77568 | I27: 157.77568 | J27: 157.77568 | K27: 157.77568 | L27: 157.77568 | M27: 192.27144 | N27: 192.27144 | O27: 192.27144 | P27: 192.27144 | Q27: 192.27144 | R27: 227.3327 | S27: 227.3327 | T27: 227.3327 | U27: 257.30443 | V27: 257.30443 | W27: 292.36569
A29: Veelgekozen opties
A30: LT 50 32 rpm | K30: -82
A31: Maestria io 32 rpm | K31: 45
A32: Situo 1 io handzender | K32: 70
A33: LHTF geleider per meter | K33: 14
A34: Verandageleider in de dag per meter | K34: 6

Sheet Zip 130
A1: Zip Square 130 (Max)
A2: Motor (LT50 12rpm) | B2: H B | C2: 100 | D2: 120 | E2: 140 | F2: 160 | G2: 180 | H2: 200 | I2: 220 | J2: 240 | K2: 260 | L2: 280 | M2: 300 | N2: 320 | O2: 340 | P2: 360 | Q2: 380 | R2: 400 | S2: 420 | T2: 440 | U2: 460 | V2: 480 | W2: 500
B3: 100 | C3: =(('Zip 130 (2)'!C3/(1+Korting!$B$3)*(1-Korting!$B$2)*Prijsmutaties!$B$9)) -> 895.29155 | D3: =(('Zip 130 (2)'!D3/(1+Korting!$B$3)*(1-Korting!$B$2)*Prijsmutaties!$B$9)) -> 921.83905 | E3: =(('Zip 130 (2)'!E3/(1+Korting!$B$3)*(1-Korting!$B$2)*Prijsmutaties!$B$9)) -> 956.62543 | F3: =(('Zip 130 (2)'!F3/(1+Korting!$B$3)*(1-Korting!$B$2)*Prijsmutaties!$B$9)) -> 984.08837 | G3: =(('Zip 130 (2)'!G3/(1+Korting!$B$3)*(1-Korting!$B$2)*Prijsmutaties!$B$9)) -> 1020.7056 | H3: =(('Zip 130 (2)'!H3/(1+Korting!$B$3)*(1-Korting!$B$2)*Prijsmutaties!$B$9)) -> 1049.084 | I3: =(('Zip 130 (2)'!I3/(1+Korting!$B$3)*(1-Korting!$B$2)*Prijsmutaties!$B$9)) -> 1077.4623 | J3: =(('Zip 130 (2)'!J3/(1+Korting!$B$3)*(1-Korting!$B$2)*Prijsmutaties!$B$9)) -> 1114.0796 | ... W3: =(('Zip 130 (2)'!W3/(1+Korting!$B$3)*(1-Korting!$B$2)*Prijsmutaties!$B$9)) -> 1485.7446
B4: 120 | C4: =(('Zip 130 (2)'!C4/(1+Korting!$B$3)*(1-Korting!$B$2)*Prijsmutaties!$B$9)) -> 930.07793 | D4: =(('Zip 130 (2)'!D4/(1+Korting!$B$3)*(1-Korting!$B$2)*Prijsmutaties!$B$9)) -> 966.69518 | E4: =(('Zip 130 (2)'!E4/(1+Korting!$B$3)*(1-Korting!$B$2)*Prijsmutaties!$B$9)) -> 995.07354 | F4: =(('Zip 130 (2)'!F4/(1+Korting!$B$3)*(1-Korting!$B$2)*Prijsmutaties!$B$9)) -> 1032.6062 | G4: =(('Zip 130 (2)'!G4/(1+Korting!$B$3)*(1-Korting!$B$2)*Prijsmutaties!$B$9)) -> 1067.3926 | H4: =(('Zip 130 (2)'!H4/(1+Korting!$B$3)*(1-Korting!$B$2)*Prijsmutaties!$B$9)) -> 1101.2635 | I4: =(('Zip 130 (2)'!I4/(1+Korting!$B$3)*(1-Korting!$B$2)*Prijsmutaties!$B$9)) -> 1134.2191 | J4: =(('Zip 130 (2)'!J4/(1+Korting!$B$3)*(1-Korting!$B$2)*Prijsmutaties!$B$9)) -> 1166.2591 | ... W4: =(('Zip 130 (2)'!W4/(1+Korting!$B$3)*(1-Korting!$B$2)*Prijsmutaties!$B$9)) -> 1578.2031
B5: 140 | C5: =(('Zip 130 (2)'!C5/(1+Korting!$B$3)*(1-Korting!$B$2)*Prijsmutaties!$B$9)) -> 963.94888 | D5: =(('Zip 130 (2)'!D5/(1+Korting!$B$3)*(1-Korting!$B$2)*Prijsmutaties!$B$9)) -> 1002.397 | E5: =(('Zip 130 (2)'!E5/(1+Korting!$B$3)*(1-Korting!$B$2)*Prijsmutaties!$B$9)) -> 1040.8451 | F5: =(('Zip 130 (2)'!F5/(1+Korting!$B$3)*(1-Korting!$B$2)*Prijsmutaties!$B$9)) -> 1077.4623 | G5: =(('Zip 130 (2)'!G5/(1+Korting!$B$3)*(1-Korting!$B$2)*Prijsmutaties!$B$9)) -> 1114.0796 | H5: =(('Zip 130 (2)'!H5/(1+Korting!$B$3)*(1-Korting!$B$2)*Prijsmutaties!$B$9)) -> 1149.7814 | I5: =(('Zip 130 (2)'!I5/(1+Korting!$B$3)*(1-Korting!$B$2)*Prijsmutaties!$B$9)) -> 1192.8066 | J5: =(('Zip 130 (2)'!J5/(1+Korting!$B$3)*(1-Korting!$B$2)*Prijsmutaties!$B$9)) -> 1229.4239 | ... W5: =(('Zip 130 (2)'!W5/(1+Korting!$B$3)*(1-Korting!$B$2)*Prijsmutaties!$B$9)) -> 1661.5073
B6: 160 | C6: =(('Zip 130 (2)'!C6/(1+Korting!$B$3)*(1-Korting!$B$2)*Prijsmutaties!$B$9)) -> 1000.5661 | D6: =(('Zip 130 (2)'!D6/(1+Korting!$B$3)*(1-Korting!$B$2)*Prijsmutaties!$B$9)) -> 1042.676 | E6: =(('Zip 130 (2)'!E6/(1+Korting!$B$3)*(1-Korting!$B$2)*Prijsmutaties!$B$9)) -> 1085.7012 | F6: =(('Zip 130 (2)'!F6/(1+Korting!$B$3)*(1-Korting!$B$2)*Prijsmutaties!$B$9)) -> 1119.5722 | G6: =(('Zip 130 (2)'!G6/(1+Korting!$B$3)*(1-Korting!$B$2)*Prijsmutaties!$B$9)) -> 1160.7666 | H6: =(('Zip 130 (2)'!H6/(1+Korting!$B$3)*(1-Korting!$B$2)*Prijsmutaties!$B$9)) -> 1196.4684 | I6: =(('Zip 130 (2)'!I6/(1+Korting!$B$3)*(1-Korting!$B$2)*Prijsmutaties!$B$9)) -> 1239.4936 | J6: =(('Zip 130 (2)'!J6/(1+Korting!$B$3)*(1-Korting!$B$2)*Prijsmutaties!$B$9)) -> 1279.7726 | ... W6: =(('Zip 130 (2)'!W6/(1+Korting!$B$3)*(1-Korting!$B$2)*Prijsmutaties!$B$9)) -> 1738.4035
B7: 180 | C7: =(('Zip 130 (2)'!C7/(1+Korting!$B$3)*(1-Korting!$B$2)*Prijsmutaties!$B$9)) -> 1045.4222 | D7: =(('Zip 130 (2)'!D7/(1+Korting!$B$3)*(1-Korting!$B$2)*Prijsmutaties!$B$9)) -> 1083.8703 | E7: =(('Zip 130 (2)'!E7/(1+Korting!$B$3)*(1-Korting!$B$2)*Prijsmutaties!$B$9)) -> 1125.9802 | F7: =(('Zip 130 (2)'!F7/(1+Korting!$B$3)*(1-Korting!$B$2)*Prijsmutaties!$B$9)) -> 1168.09 | G7: =(('Zip 130 (2)'!G7/(1+Korting!$B$3)*(1-Korting!$B$2)*Prijsmutaties!$B$9)) -> 1208.369 | H7: =(('Zip 130 (2)'!H7/(1+Korting!$B$3)*(1-Korting!$B$2)*Prijsmutaties!$B$9)) -> 1251.3942 | I7: =(('Zip 130 (2)'!I7/(1+Korting!$B$3)*(1-Korting!$B$2)*Prijsmutaties!$B$9)) -> 1298.0812 | J7: =(('Zip 130 (2)'!J7/(1+Korting!$B$3)*(1-Korting!$B$2)*Prijsmutaties!$B$9)) -> 1338.3602 | ... W7: =(('Zip 130 (2)'!W7/(1+Korting!$B$3)*(1-Korting!$B$2)*Prijsmutaties!$B$9)) -> 1825.3695
B8: 200 | C8: =(('Zip 130 (2)'!C8/(1+Korting!$B$3)*(1-Korting!$B$2)*Prijsmutaties!$B$9)) -> 1081.1241 | D8: =(('Zip 130 (2)'!D8/(1+Korting!$B$3)*(1-Korting!$B$2)*Prijsmutaties!$B$9)) -> 1124.1493 | E8: =(('Zip 130 (2)'!E8/(1+Korting!$B$3)*(1-Korting!$B$2)*Prijsmutaties!$B$9)) -> 1172.6672 | F8: =(('Zip 130 (2)'!F8/(1+Korting!$B$3)*(1-Korting!$B$2)*Prijsmutaties!$B$9)) -> 1221.185 | G8: =(('Zip 130 (2)'!G8/(1+Korting!$B$3)*(1-Korting!$B$2)*Prijsmutaties!$B$9)) -> 1265.1257 | H8: =(('Zip 130 (2)'!H8/(1+Korting!$B$3)*(1-Korting!$B$2)*Prijsmutaties!$B$9)) -> 1308.151 | I8: =(('Zip 130 (2)'!I8/(1+Korting!$B$3)*(1-Korting!$B$2)*Prijsmutaties!$B$9)) -> 1352.0916 | J8: =(('Zip 130 (2)'!J8/(1+Korting!$B$3)*(1-Korting!$B$2)*Prijsmutaties!$B$9)) -> 1402.4403 | ... W8: =(('Zip 130 (2)'!W8/(1+Korting!$B$3)*(1-Korting!$B$2)*Prijsmutaties!$B$9)) -> 1917.828
B9: 220 | C9: =(('Zip 130 (2)'!C9/(1+Korting!$B$3)*(1-Korting!$B$2)*Prijsmutaties!$B$9)) -> 1112.2487 | D9: =(('Zip 130 (2)'!D9/(1+Korting!$B$3)*(1-Korting!$B$2)*Prijsmutaties!$B$9)) -> 1162.5974 | E9: =(('Zip 130 (2)'!E9/(1+Korting!$B$3)*(1-Korting!$B$2)*Prijsmutaties!$B$9)) -> 1208.369 | F9: =(('Zip 130 (2)'!F9/(1+Korting!$B$3)*(1-Korting!$B$2)*Prijsmutaties!$B$9)) -> 1253.2251 | G9: =(('Zip 130 (2)'!G9/(1+Korting!$B$3)*(1-Korting!$B$2)*Prijsmutaties!$B$9)) -> 1305.4047 | H9: =(('Zip 130 (2)'!H9/(1+Korting!$B$3)*(1-Korting!$B$2)*Prijsmutaties!$B$9)) -> 1352.0916 | I9: =(('Zip 130 (2)'!I9/(1+Korting!$B$3)*(1-Korting!$B$2)*Prijsmutaties!$B$9)) -> 1398.7786 | J9: =(('Zip 130 (2)'!J9/(1+Korting!$B$3)*(1-Korting!$B$2)*Prijsmutaties!$B$9)) -> 1445.4656 | ... W9: =(('Zip 130 (2)'!W9/(1+Korting!$B$3)*(1-Korting!$B$2)*Prijsmutaties!$B$9)) -> 1986.4854
B10: 240 | C10: =(('Zip 130 (2)'!C10/(1+Korting!$B$3)*(1-Korting!$B$2)*Prijsmutaties!$B$9)) -> 1154.3585 | D10: =(('Zip 130 (2)'!D10/(1+Korting!$B$3)*(1-Korting!$B$2)*Prijsmutaties!$B$9)) -> 1204.7072 | E10: =(('Zip 130 (2)'!E10/(1+Korting!$B$3)*(1-Korting!$B$2)*Prijsmutaties!$B$9)) -> 1249.5634 | F10: =(('Zip 130 (2)'!F10/(1+Korting!$B$3)*(1-Korting!$B$2)*Prijsmutaties!$B$9)) -> 1303.5738 | G10: =(('Zip 130 (2)'!G10/(1+Korting!$B$3)*(1-Korting!$B$2)*Prijsmutaties!$B$9)) -> 1352.0916 | H10: =(('Zip 130 (2)'!H10/(1+Korting!$B$3)*(1-Korting!$B$2)*Prijsmutaties!$B$9)) -> 1405.1866 | I10: =(('Zip 130 (2)'!I10/(1+Korting!$B$3)*(1-Korting!$B$2)*Prijsmutaties!$B$9)) -> 1453.7045 | J10: =(('Zip 130 (2)'!J10/(1+Korting!$B$3)*(1-Korting!$B$2)*Prijsmutaties!$B$9)) -> 1505.8841 | ... W10: =(('Zip 130 (2)'!W10/(1+Korting!$B$3)*(1-Korting!$B$2)*Prijsmutaties!$B$9)) -> 2075.2822
B11: 260 | C11: =(('Zip 130 (2)'!C11/(1+Korting!$B$3)*(1-Korting!$B$2)*Prijsmutaties!$B$9)) -> 1190.9758 | D11: =(('Zip 130 (2)'!D11/(1+Korting!$B$3)*(1-Korting!$B$2)*Prijsmutaties!$B$9)) -> 1246.8171 | E11: =(('Zip 130 (2)'!E11/(1+Korting!$B$3)*(1-Korting!$B$2)*Prijsmutaties!$B$9)) -> 1301.7429 | F11: =(('Zip 130 (2)'!F11/(1+Korting!$B$3)*(1-Korting!$B$2)*Prijsmutaties!$B$9)) -> 1350.2608 | G11: =(('Zip 130 (2)'!G11/(1+Korting!$B$3)*(1-Korting!$B$2)*Prijsmutaties!$B$9)) -> 1407.0175 | H11: =(('Zip 130 (2)'!H11/(1+Korting!$B$3)*(1-Korting!$B$2)*Prijsmutaties!$B$9)) -> 1455.5353 | I11: =(('Zip 130 (2)'!I11/(1+Korting!$B$3)*(1-Korting!$B$2)*Prijsmutaties!$B$9)) -> 1512.2921 | J11: =(('Zip 130 (2)'!J11/(1+Korting!$B$3)*(1-Korting!$B$2)*Prijsmutaties!$B$9)) -> 1550.7402 | ... W11: =(('Zip 130 (2)'!W11/(1+Korting!$B$3)*(1-Korting!$B$2)*Prijsmutaties!$B$9)) -> 2148.5166
B12: 280 | C12: =(('Zip 130 (2)'!C12/(1+Korting!$B$3)*(1-Korting!$B$2)*Prijsmutaties!$B$9)) -> 1226.6776 | D12: =(('Zip 130 (2)'!D12/(1+Korting!$B$3)*(1-Korting!$B$2)*Prijsmutaties!$B$9)) -> 1283.4343 | E12: =(('Zip 130 (2)'!E12/(1+Korting!$B$3)*(1-Korting!$B$2)*Prijsmutaties!$B$9)) -> 1336.5293 | F12: =(('Zip 130 (2)'!F12/(1+Korting!$B$3)*(1-Korting!$B$2)*Prijsmutaties!$B$9)) -> 1390.5397 | G12: =(('Zip 130 (2)'!G12/(1+Korting!$B$3)*(1-Korting!$B$2)*Prijsmutaties!$B$9)) -> 1447.2965 | H12: =(('Zip 130 (2)'!H12/(1+Korting!$B$3)*(1-Korting!$B$2)*Prijsmutaties!$B$9)) -> 1499.476 | I12: =(('Zip 130 (2)'!I12/(1+Korting!$B$3)*(1-Korting!$B$2)*Prijsmutaties!$B$9)) -> 1558.0636 | J12: =(('Zip 130 (2)'!J12/(1+Korting!$B$3)*(1-Korting!$B$2)*Prijsmutaties!$B$9)) -> 1594.6809 | ... W12: =(('Zip 130 (2)'!W12/(1+Korting!$B$3)*(1-Korting!$B$2)*Prijsmutaties!$B$9)) -> 2208.9351
B13: 300 | C13: =(('Zip 130 (2)'!C13/(1+Korting!$B$3)*(1-Korting!$B$2)*Prijsmutaties!$B$9)) -> 1249.5634 | D13: =(('Zip 130 (2)'!D13/(1+Korting!$B$3)*(1-Korting!$B$2)*Prijsmutaties!$B$9)) -> 1311.8127 | E13: =(('Zip 130 (2)'!E13/(1+Korting!$B$3)*(1-Korting!$B$2)*Prijsmutaties!$B$9)) -> 1368.5694 | F13: =(('Zip 130 (2)'!F13/(1+Korting!$B$3)*(1-Korting!$B$2)*Prijsmutaties!$B$9)) -> 1418.9181 | G13: =(('Zip 130 (2)'!G13/(1+Korting!$B$3)*(1-Korting!$B$2)*Prijsmutaties!$B$9)) -> 1479.3366 | H13: =(('Zip 130 (2)'!H13/(1+Korting!$B$3)*(1-Korting!$B$2)*Prijsmutaties!$B$9)) -> 1537.9241 | I13: =(('Zip 130 (2)'!I13/(1+Korting!$B$3)*(1-Korting!$B$2)*Prijsmutaties!$B$9)) -> 1586.442 | J13: =(('Zip 130 (2)'!J13/(1+Korting!$B$3)*(1-Korting!$B$2)*Prijsmutaties!$B$9)) -> 1619.3975 | ... W13: =(('Zip 130 (2)'!W13/(1+Korting!$B$3)*(1-Korting!$B$2)*Prijsmutaties!$B$9)) -> 2251.0449
B14: 320 | C14: =(('Zip 130 (2)'!C14/(1+Korting!$B$3)*(1-Korting!$B$2)*Prijsmutaties!$B$9)) -> 1422.5798 | D14: =(('Zip 130 (2)'!D14/(1+Korting!$B$3)*(1-Korting!$B$2)*Prijsmutaties!$B$9)) -> 1492.1526 | E14: =(('Zip 130 (2)'!E14/(1+Korting!$B$3)*(1-Korting!$B$2)*Prijsmutaties!$B$9)) -> 1554.4019 | F14: =(('Zip 130 (2)'!F14/(1+Korting!$B$3)*(1-Korting!$B$2)*Prijsmutaties!$B$9)) -> 1612.9895 | G14: =(('Zip 130 (2)'!G14/(1+Korting!$B$3)*(1-Korting!$B$2)*Prijsmutaties!$B$9)) -> 1681.6468 | H14: =(('Zip 130 (2)'!H14/(1+Korting!$B$3)*(1-Korting!$B$2)*Prijsmutaties!$B$9)) -> 1748.4733 | I14: =(('Zip 130 (2)'!I14/(1+Korting!$B$3)*(1-Korting!$B$2)*Prijsmutaties!$B$9)) -> 1802.4837 | J14: =(('Zip 130 (2)'!J14/(1+Korting!$B$3)*(1-Korting!$B$2)*Prijsmutaties!$B$9)) -> 1839.101 | ... W14: =(('Zip 130 (2)'!W14/(1+Korting!$B$3)*(1-Korting!$B$2)*Prijsmutaties!$B$9)) -> 2414.9071
B15: 340 | D15: =(('Zip 130 (2)'!D15/(1+Korting!$B$3)*(1-Korting!$B$2)*Prijsmutaties!$B$9)) -> 1537.9241 | E15: =(('Zip 130 (2)'!E15/(1+Korting!$B$3)*(1-Korting!$B$2)*Prijsmutaties!$B$9)) -> 1601.0889 | F15: =(('Zip 130 (2)'!F15/(1+Korting!$B$3)*(1-Korting!$B$2)*Prijsmutaties!$B$9)) -> 1659.6765 | G15: =(('Zip 130 (2)'!G15/(1+Korting!$B$3)*(1-Korting!$B$2)*Prijsmutaties!$B$9)) -> 1730.1647 | H15: =(('Zip 130 (2)'!H15/(1+Korting!$B$3)*(1-Korting!$B$2)*Prijsmutaties!$B$9)) -> 1792.414 | I15: =(('Zip 130 (2)'!I15/(1+Korting!$B$3)*(1-Korting!$B$2)*Prijsmutaties!$B$9)) -> 1840.9318 | J15: =(('Zip 130 (2)'!J15/(1+Korting!$B$3)*(1-Korting!$B$2)*Prijsmutaties!$B$9)) -> 1883.9571 | K15: =(('Zip 130 (2)'!K15/(1+Korting!$B$3)*(1-Korting!$B$2)*Prijsmutaties!$B$9)) -> 1954.4453 | ... U15: =(('Zip 130 (2)'!U15/(1+Korting!$B$3)*(1-Korting!$B$2)*Prijsmutaties!$B$9)) -> 2433.2157
B16: 360 | D16: =(('Zip 130 (2)'!D16/(1+Korting!$B$3)*(1-Korting!$B$2)*Prijsmutaties!$B$9)) -> 1556.2328 | E16: =(('Zip 130 (2)'!E16/(1+Korting!$B$3)*(1-Korting!$B$2)*Prijsmutaties!$B$9)) -> 1619.3975 | F16: =(('Zip 130 (2)'!F16/(1+Korting!$B$3)*(1-Korting!$B$2)*Prijsmutaties!$B$9)) -> 1681.6468 | G16: =(('Zip 130 (2)'!G16/(1+Korting!$B$3)*(1-Korting!$B$2)*Prijsmutaties!$B$9)) -> 1752.135 | H16: =(('Zip 130 (2)'!H16/(1+Korting!$B$3)*(1-Korting!$B$2)*Prijsmutaties!$B$9)) -> 1815.2997 | I16: =(('Zip 130 (2)'!I16/(1+Korting!$B$3)*(1-Korting!$B$2)*Prijsmutaties!$B$9)) -> 1871.141 | J16: =(('Zip 130 (2)'!J16/(1+Korting!$B$3)*(1-Korting!$B$2)*Prijsmutaties!$B$9)) -> 1907.7583 | K16: =(('Zip 130 (2)'!K16/(1+Korting!$B$3)*(1-Korting!$B$2)*Prijsmutaties!$B$9)) -> 1974.5847 | ... S16: =(('Zip 130 (2)'!S16/(1+Korting!$B$3)*(1-Korting!$B$2)*Prijsmutaties!$B$9)) -> 2431.3848
B17: 380 | E17: =(('Zip 130 (2)'!E17/(1+Korting!$B$3)*(1-Korting!$B$2)*Prijsmutaties!$B$9)) -> 1639.537 | F17: =(('Zip 130 (2)'!F17/(1+Korting!$B$3)*(1-Korting!$B$2)*Prijsmutaties!$B$9)) -> 1698.1246 | G17: =(('Zip 130 (2)'!G17/(1+Korting!$B$3)*(1-Korting!$B$2)*Prijsmutaties!$B$9)) -> 1764.0356 | H17: =(('Zip 130 (2)'!H17/(1+Korting!$B$3)*(1-Korting!$B$2)*Prijsmutaties!$B$9)) -> 1827.2004 | I17: =(('Zip 130 (2)'!I17/(1+Korting!$B$3)*(1-Korting!$B$2)*Prijsmutaties!$B$9)) -> 1883.9571 | J17: =(('Zip 130 (2)'!J17/(1+Korting!$B$3)*(1-Korting!$B$2)*Prijsmutaties!$B$9)) -> 1924.236 | K17: =(('Zip 130 (2)'!K17/(1+Korting!$B$3)*(1-Korting!$B$2)*Prijsmutaties!$B$9)) -> 1992.8934 | L17: =(('Zip 130 (2)'!L17/(1+Korting!$B$3)*(1-Korting!$B$2)*Prijsmutaties!$B$9)) -> 2053.3118 | ... R17: =(('Zip 130 (2)'!R17/(1+Korting!$B$3)*(1-Korting!$B$2)*Prijsmutaties!$B$9)) -> 2433.2157
B18: 400 | E18: =(('Zip 130 (2)'!E18/(1+Korting!$B$3)*(1-Korting!$B$2)*Prijsmutaties!$B$9)) -> 1649.6067 | F18: =(('Zip 130 (2)'!F18/(1+Korting!$B$3)*(1-Korting!$B$2)*Prijsmutaties!$B$9)) -> 1713.6869 | G18: =(('Zip 130 (2)'!G18/(1+Korting!$B$3)*(1-Korting!$B$2)*Prijsmutaties!$B$9)) -> 1780.5134 | H18: =(('Zip 130 (2)'!H18/(1+Korting!$B$3)*(1-Korting!$B$2)*Prijsmutaties!$B$9)) -> 1840.9318 | I18: =(('Zip 130 (2)'!I18/(1+Korting!$B$3)*(1-Korting!$B$2)*Prijsmutaties!$B$9)) -> 1897.6885 | J18: =(('Zip 130 (2)'!J18/(1+Korting!$B$3)*(1-Korting!$B$2)*Prijsmutaties!$B$9)) -> 1936.1366 | K18: =(('Zip 130 (2)'!K18/(1+Korting!$B$3)*(1-Korting!$B$2)*Prijsmutaties!$B$9)) -> 2002.9631 | L18: =(('Zip 130 (2)'!L18/(1+Korting!$B$3)*(1-Korting!$B$2)*Prijsmutaties!$B$9)) -> 2063.3816 | ... Q18: =(('Zip 130 (2)'!Q18/(1+Korting!$B$3)*(1-Korting!$B$2)*Prijsmutaties!$B$9)) -> 2379.2053
B19: 420 | F19: =(('Zip 130 (2)'!F19/(1+Korting!$B$3)*(1-Korting!$B$2)*Prijsmutaties!$B$9)) -> 1723.7566 | G19: =(('Zip 130 (2)'!G19/(1+Korting!$B$3)*(1-Korting!$B$2)*Prijsmutaties!$B$9)) -> 1790.5831 | H19: =(('Zip 130 (2)'!H19/(1+Korting!$B$3)*(1-Korting!$B$2)*Prijsmutaties!$B$9)) -> 1857.4096 | I19: =(('Zip 130 (2)'!I19/(1+Korting!$B$3)*(1-Korting!$B$2)*Prijsmutaties!$B$9)) -> 1915.9972 | J19: =(('Zip 130 (2)'!J19/(1+Korting!$B$3)*(1-Korting!$B$2)*Prijsmutaties!$B$9)) -> 1948.0372 | K19: =(('Zip 130 (2)'!K19/(1+Korting!$B$3)*(1-Korting!$B$2)*Prijsmutaties!$B$9)) -> 2019.4409 | L19: =(('Zip 130 (2)'!L19/(1+Korting!$B$3)*(1-Korting!$B$2)*Prijsmutaties!$B$9)) -> 2079.8593 | M19: =(('Zip 130 (2)'!M19/(1+Korting!$B$3)*(1-Korting!$B$2)*Prijsmutaties!$B$9)) -> 2142.1086 | ... Q19: =(('Zip 130 (2)'!Q19/(1+Korting!$B$3)*(1-Korting!$B$2)*Prijsmutaties!$B$9)) -> 2392.9367
B20: 440 | F20: =(('Zip 130 (2)'!F20/(1+Korting!$B$3)*(1-Korting!$B$2)*Prijsmutaties!$B$9)) -> 1740.2344 | G20: =(('Zip 130 (2)'!G20/(1+Korting!$B$3)*(1-Korting!$B$2)*Prijsmutaties!$B$9)) -> 1808.8917 | H20: =(('Zip 130 (2)'!H20/(1+Korting!$B$3)*(1-Korting!$B$2)*Prijsmutaties!$B$9)) -> 1871.141 | I20: =(('Zip 130 (2)'!I20/(1+Korting!$B$3)*(1-Korting!$B$2)*Prijsmutaties!$B$9)) -> 1926.0669 | J20: =(('Zip 130 (2)'!J20/(1+Korting!$B$3)*(1-Korting!$B$2)*Prijsmutaties!$B$9)) -> 1962.6841 | K20: =(('Zip 130 (2)'!K20/(1+Korting!$B$3)*(1-Korting!$B$2)*Prijsmutaties!$B$9)) -> 2031.3415 | L20: =(('Zip 130 (2)'!L20/(1+Korting!$B$3)*(1-Korting!$B$2)*Prijsmutaties!$B$9)) -> 2091.7599 | M20: =(('Zip 130 (2)'!M20/(1+Korting!$B$3)*(1-Korting!$B$2)*Prijsmutaties!$B$9)) -> 2154.9247 | ... P20: =(('Zip 130 (2)'!P20/(1+Korting!$B$3)*(1-Korting!$B$2)*Prijsmutaties!$B$9)) -> 2352.6578
B21: 460 | G21: =(('Zip 130 (2)'!G21/(1+Korting!$B$3)*(1-Korting!$B$2)*Prijsmutaties!$B$9)) -> 1820.7923 | H21: =(('Zip 130 (2)'!H21/(1+Korting!$B$3)*(1-Korting!$B$2)*Prijsmutaties!$B$9)) -> 1883.9571 | I21: =(('Zip 130 (2)'!I21/(1+Korting!$B$3)*(1-Korting!$B$2)*Prijsmutaties!$B$9)) -> 1942.5447 | J21: =(('Zip 130 (2)'!J21/(1+Korting!$B$3)*(1-Korting!$B$2)*Prijsmutaties!$B$9)) -> 1978.2465 | K21: =(('Zip 130 (2)'!K21/(1+Korting!$B$3)*(1-Korting!$B$2)*Prijsmutaties!$B$9)) -> 2045.0729 | L21: =(('Zip 130 (2)'!L21/(1+Korting!$B$3)*(1-Korting!$B$2)*Prijsmutaties!$B$9)) -> 2106.4068 | M21: =(('Zip 130 (2)'!M21/(1+Korting!$B$3)*(1-Korting!$B$2)*Prijsmutaties!$B$9)) -> 2168.6561 | N21: =(('Zip 130 (2)'!N21/(1+Korting!$B$3)*(1-Korting!$B$2)*Prijsmutaties!$B$9)) -> 2243.7215 | O21: =(('Zip 130 (2)'!O21/(1+Korting!$B$3)*(1-Korting!$B$2)*Prijsmutaties!$B$9)) -> 2302.3091
B22: 480 | G22: =(('Zip 130 (2)'!G22/(1+Korting!$B$3)*(1-Korting!$B$2)*Prijsmutaties!$B$9)) -> 1835.4392 | H22: =(('Zip 130 (2)'!H22/(1+Korting!$B$3)*(1-Korting!$B$2)*Prijsmutaties!$B$9)) -> 1895.8577 | I22: =(('Zip 130 (2)'!I22/(1+Korting!$B$3)*(1-Korting!$B$2)*Prijsmutaties!$B$9)) -> 1952.6144 | J22: =(('Zip 130 (2)'!J22/(1+Korting!$B$3)*(1-Korting!$B$2)*Prijsmutaties!$B$9)) -> 1991.0625 | K22: =(('Zip 130 (2)'!K22/(1+Korting!$B$3)*(1-Korting!$B$2)*Prijsmutaties!$B$9)) -> 2061.5507 | L22: =(('Zip 130 (2)'!L22/(1+Korting!$B$3)*(1-Korting!$B$2)*Prijsmutaties!$B$9)) -> 2118.3074 | M22: =(('Zip 130 (2)'!M22/(1+Korting!$B$3)*(1-Korting!$B$2)*Prijsmutaties!$B$9)) -> 2180.5567 | N22: =(('Zip 130 (2)'!N22/(1+Korting!$B$3)*(1-Korting!$B$2)*Prijsmutaties!$B$9)) -> 2255.6221
B23: 500 | H23: =(('Zip 130 (2)'!H23/(1+Korting!$B$3)*(1-Korting!$B$2)*Prijsmutaties!$B$9)) -> 1909.5891 | I23: =(('Zip 130 (2)'!I23/(1+Korting!$B$3)*(1-Korting!$B$2)*Prijsmutaties!$B$9)) -> 1968.1767 | J23: =(('Zip 130 (2)'!J23/(1+Korting!$B$3)*(1-Korting!$B$2)*Prijsmutaties!$B$9)) -> 2006.6248 | K23: =(('Zip 130 (2)'!K23/(1+Korting!$B$3)*(1-Korting!$B$2)*Prijsmutaties!$B$9)) -> 2073.4513 | L23: =(('Zip 130 (2)'!L23/(1+Korting!$B$3)*(1-Korting!$B$2)*Prijsmutaties!$B$9)) -> 2136.616 | M23: =(('Zip 130 (2)'!M23/(1+Korting!$B$3)*(1-Korting!$B$2)*Prijsmutaties!$B$9)) -> 2198.8654 | N23: =(('Zip 130 (2)'!N23/(1+Korting!$B$3)*(1-Korting!$B$2)*Prijsmutaties!$B$9)) -> 2272.0998
C24: Meerprijs Trend / RAL kleuren
B25: B | C25: 100 | D25: 120 | E25: 140 | F25: 160 | G25: 180 | H25: 200 | I25: 220 | J25: 240 | K25: 260 | L25: 280 | M25: 300 | N25: 320 | O25: 340 | P25: 360 | Q25: 380 | R25: 400 | S25: 420 | T25: 440 | U25: 460 | V25: 480 | W25: 500
B26: RAL | C26: =(('Zip 130 (2)'!C26/(1+Korting!$B$3)*(1-Korting!$B$2)*Prijsmutaties!$B$9)) -> 198.64854 | D26: =(('Zip 130 (2)'!D26/(1+Korting!$B$3)*(1-Korting!$B$2)*Prijsmutaties!$B$9)) -> 198.64854 | E26: =(('Zip 130 (2)'!E26/(1+Korting!$B$3)*(1-Korting!$B$2)*Prijsmutaties!$B$9)) -> 198.64854 | F26: =(('Zip 130 (2)'!F26/(1+Korting!$B$3)*(1-Korting!$B$2)*Prijsmutaties!$B$9)) -> 198.64854 | G26: =(('Zip 130 (2)'!G26/(1+Korting!$B$3)*(1-Korting!$B$2)*Prijsmutaties!$B$9)) -> 198.64854 | H26: =(('Zip 130 (2)'!H26/(1+Korting!$B$3)*(1-Korting!$B$2)*Prijsmutaties!$B$9)) -> 255.40526 | I26: =(('Zip 130 (2)'!I26/(1+Korting!$B$3)*(1-Korting!$B$2)*Prijsmutaties!$B$9)) -> 255.40526 | J26: =(('Zip 130 (2)'!J26/(1+Korting!$B$3)*(1-Korting!$B$2)*Prijsmutaties!$B$9)) -> 255.40526 | ... W26: =(('Zip 130 (2)'!W26/(1+Korting!$B$3)*(1-Korting!$B$2)*Prijsmutaties!$B$9)) -> 473.27785
B27: Trend | C27: =(('Zip 130 (2)'!C27/(1+Korting!$B$3)*(1-Korting!$B$2)*Prijsmutaties!$B$9)) -> 119.18912 | D27: =(('Zip 130 (2)'!D27/(1+Korting!$B$3)*(1-Korting!$B$2)*Prijsmutaties!$B$9)) -> 119.18912 | E27: =(('Zip 130 (2)'!E27/(1+Korting!$B$3)*(1-Korting!$B$2)*Prijsmutaties!$B$9)) -> 119.18912 | F27: =(('Zip 130 (2)'!F27/(1+Korting!$B$3)*(1-Korting!$B$2)*Prijsmutaties!$B$9)) -> 119.18912 | G27: =(('Zip 130 (2)'!G27/(1+Korting!$B$3)*(1-Korting!$B$2)*Prijsmutaties!$B$9)) -> 119.18912 | H27: =(('Zip 130 (2)'!H27/(1+Korting!$B$3)*(1-Korting!$B$2)*Prijsmutaties!$B$9)) -> 153.24316 | I27: =(('Zip 130 (2)'!I27/(1+Korting!$B$3)*(1-Korting!$B$2)*Prijsmutaties!$B$9)) -> 153.24316 | J27: =(('Zip 130 (2)'!J27/(1+Korting!$B$3)*(1-Korting!$B$2)*Prijsmutaties!$B$9)) -> 153.24316 | ... W27: =(('Zip 130 (2)'!W27/(1+Korting!$B$3)*(1-Korting!$B$2)*Prijsmutaties!$B$9)) -> 283.96671
A29: Veelgekozen opties
A30: Minderprijs LT 50 32 rpm | K30: =(('Zip 130 (2)'!K30/(1+Korting!$B$3)*(1-Korting!$B$2)*Prijsmutaties!$G$9)) -> -73.910734 | L30: =(('Zip 130 (2)'!L30/(1+Korting!$B$3)*(1-Korting!$B$2))) -> 0
A31: Maestria io 32 rpm | K31: =(('Zip 130 (2)'!K31/(1+Korting!$B$3)*(1-Korting!$B$2)*Prijsmutaties!$G$9)) -> 40.560769 | L31: =(('Zip 130 (2)'!L31/(1+Korting!$B$3)*(1-Korting!$B$2))) -> 0
A32: Situo 1 io handzender | K32: =(('Zip 130 (2)'!K32/(1+Korting!$B$3)*(1-Korting!$B$2)*Prijsmutaties!$G$9)) -> 63.094529 | L32: =(('Zip 130 (2)'!L32/(1+Korting!$B$3)*(1-Korting!$B$2))) -> 0
A33: LHTF geleider per meter | K33: =(('Zip 130 (2)'!K33/(1+Korting!$B$3)*(1-Korting!$B$2)*Prijsmutaties!$G$9)) -> 12.618906 | L33: =(('Zip 130 (2)'!L33/(1+Korting!$B$3)*(1-Korting!$B$2))) -> 0
A34: Verandageleider in de dag per meter | K34: =(('Zip 130 (2)'!K34/(1+Korting!$B$3)*(1-Korting!$B$2)*Prijsmutaties!$G$9)) -> 5.4081025 | L34: =(('Zip 130 (2)'!L34/(1+Korting!$B$3)*(1-Korting!$B$2))) -> 0

Sheet Opties & accessories (2)
A1: Opties en accessoires Screens
A2: Meerprijzen bediening t.o.v. draaistangbediening | D2: Hirschmann spatwaterdicht | G2: Profielen per meter Standaard kleur Overige RAL
A3: Draaistangbediening binnen | B3: 54 | D3: Aangelast motordeel LT/WT (30 cm snoer) | E3: 40 | R3: Solar accessoires
D4: Aangelast motordeel io (30 cm snoer) | E4: 45 | G4: Hoekprofiel 30x20x2 | I4: 17 | L4: 23
D5: Motordeel STAK3 | E5: 18 | G5: Hoekprofiel 35x15x2 | I5: 20 | L5: 25.5 | R5: Verlengkabel solar met stekkers 100 cm | Y5: 10
A6: Motoren t.o.v. standaard motoren | B6: Screen | C6: Zipscreen | G6: Hoekprofiel 40x20x2 | I6: 21 | L6: 27 | R6: Verlengkabel solar met stekkers 200 cm | Y6: 13
D7: Hirschmannstekker contradeel installatiedeel 300 cm snoer | E7: 54 | G7: Hoekprofiel 50x20x2 | I7: 23 | L7: 28 | R7: Verlengkabel solar met stekkers 500 cm | Y7: 19
A8: Aries LS 40 16 rpm (installatie zonder randaarde)* | B8: 72 | C8: -82 | G8: Hoekprofiel 60x20x2 | I8: 24 | L8: 30 | R8: Adapter solar Brel | Y8: 27
D9: Hirschmannstekker contradeel installatiedeel 500 cm snoer | E9: 81 | G9: Hoekprofiel 70x20x2 | I9: 27 | L9: 32 | R9: 15-kanaals wandzender t.b.v. solaruitvoering | Y9: 57
A10: Sunea io 40 16 rpm* | B10: 188 | C10: 9 | G10: Hoekprofiel 80x20x2 | I10: 28 | L10: 34 | R10: Smart Hube | Y10: 148.5 | Z10: =(('Opties & accessories (2)'!Y10/(1+Korting!$B$3)*(1-Korting!$B$2))) -> 122.72727
D11: Hirschmannstekker installatiedeel | E11: 18 | G11: Hoekprofiel 100x20x2 | I11: 31 | L11: 35
A12: LT 50 32 rpm | B12: 87 | C12: -82 | G12: Hoekprofiel 120x20x20 | I12: 32 | L12: 36
G13: Koker 40 x 40 x 2 | I13: 26.5 | L13: 33
A14: Sunilus io 17 rpm | B14: 182.5 | C14: inclusief | G14: Koker 80 x 40 x 4 | I14: 42 | L14: 50
D15: Zwarte UV-bestendige motorkabels | G15: Uitvulprofielen 10 mm | I15: 10 | L15: 15
A16: Maestria io 32 rpm | B16: 197 | C16: 45
D17: Zwart kabelsnoer LT/ io 3 meter | E17: 36 | G17: Uitvulbusjes per 100 stuks
A18: Maestria WT 17 rpm | B18: 124 | C18: 0 | G18: Uitvulbusjes 5 mm, zwart, grijs, crèmewit of wit | N18: 72
D19: Zwart kabelsnoer LT/ io 5 meter | E19: 49.5
D21: Zwart kabelsnoer LT 10 meter | E21: 89 | G21: Uitvulbusjes 10 mm, zwart, grijs, crèmewit of wit | N21: 82
A22: Bedieningen
G23: Screens minimale breedte per bediening in mm | T23: ZipScreens minimale breedte per bediening in mm
A24: Situo 1 io handzender 1-kanaals | B24: 70 | H24: hand bed. | J24: Aries ls 40 | K24: Screen- job ls 40 | M24: Sunea io 40 | O24: LT 50 12 rpm | Q24: io 50 | V24: Aries ls 40 | W24: Sunea io 40 | X24: LT 50 12 rpm | Z24: io 50
D25: Witte motorkabels | G25: Square 70 | H25: 400 | J25: 506 | K25: 578 | M25: 580 | O25: n.v.t. | Q25: n.v.t. | T25: Zip Square 85/100 | V25: 587 | W25: 661 | X25: 694 | Z25: 744
A26: Situo 5 io handzender 5-kanaals | B26: 107 | G26: Square 85/100 | H26: 400 | J26: 506 | K26: n.v.t. | M26: 580 | O26: 607 | Q26: 657 | T26: SunZip Design 105 | V26: 627 | W26: 701 | X26: 734 | Z26: 784
D27: 3 meter kabelsnoer LT | E27: 27 | G27: Carré 85/100 | H27: n.v.t. | J27: 546 | K27: n.v.t. | M27: 620 | O27: 647 | Q27: 697 | T27: Zip Square 130 max | V27: 572 | W27: 646 | X27: 679 | Z27: 729
G28: SunZip Design 105: Solar motor min. breedte 850 mm
D29: 5 meter kabelsnoer LT/io | E29: 36
A30: Meerprijzen profielen
D31: 10 meter kabelsnoer LT/io | E31: 54
A32: Geleider met flens per meter | B32: 8.5
A34: LHTF geleider per meter | B34: 13
A36: GM-ZIP geleider | B36: 0
A38: Verandageleider in de dag per meter | B38: 6
A40: Koppelen Screen Square 70/85/100
A41: Stap 1: Calculeer 2 screens met standaard motor
A42: Stap 2: Trek 80,- af van de totaalprijs van deze 2 screens
A43: Stap 3: Bereken de eventuele meerprijs van 1 optionele motor | D43: * Let op: Square 70 alleen 40 motor toepasbaar

Sheet Opties & accessories
A1: Opties en accessoires Screens
A2: Meerprijzen bediening t.o.v. draaistangbediening | E2: Hirschmann spatwaterdicht | H2: Profielen per meter | Ral 9001 & Antraciet str. | Overige RAL*
A3: Draaistangbediening binnen | B3: =(('Opties & accessories (2)'!B3/(1+Korting!$B$3)*(1-Korting!$B$2)*Prijsmutaties!$G$9)) -> 48.672922 | E3: Aangelast motordeel LT/WT (30 cm snoer) | F3: =(('Opties & accessories (2)'!E3/(1+Korting!$B$3)*(1-Korting!$B$2)*Prijsmutaties!$G$9)) -> 36.054017 | S3: Solar accessoires
E4: Aangelast motordeel io (30 cm snoer) | F4: =(('Opties & accessories (2)'!E4/(1+Korting!$B$3)*(1-Korting!$B$2)*Prijsmutaties!$G$9)) -> 40.560769 | H4: Hoekprofiel 30x20x2 | J4: =(('Opties & accessories (2)'!I4/(1+Korting!$B$3)*(1-Korting!$B$2)*Prijsmutaties!$G$9)) -> 15.322957 | K4: =(('Opties & accessories (2)'!J4/(1+Korting!$B$3)*(1-Korting!$B$2))) -> 0 | L4: =(('Opties & accessories (2)'!K4/(1+Korting!$B$3)*(1-Korting!$B$2))) -> 0 | M4: =(('Opties & accessories (2)'!L4/(1+Korting!$B$3)*(1-Korting!$B$2)*Prijsmutaties!$G$9)) -> 20.73106 | N4: =(('Opties & accessories (2)'!M4/(1+Korting!$B$3)*(1-Korting!$B$2))) -> 0 | O4: =(('Opties & accessories (2)'!N4/(1+Korting!$B$3)*(1-Korting!$B$2))) -> 0 | P4: =(('Opties & accessories (2)'!O4/(1+Korting!$B$3)*(1-Korting!$B$2))) -> 0
E5: Motordeel STAK3 | F5: =(('Opties & accessories (2)'!E5/(1+Korting!$B$3)*(1-Korting!$B$2)*Prijsmutaties!$G$9)) -> 16.224307 | S5: Verlengkabel solar met stekkers 100 cm | Z5: =(('Opties & accessories (2)'!Y5/(1+Korting!$B$3)*(1-Korting!$B$2)*Prijsmutaties!$G$9)) -> 9.0135041 | AA5: =(('Opties & accessories (2)'!Z5/(1+Korting!$B$3)*(1-Korting!$B$2))) -> 0
A6: Motoren t.o.v. standaard motoren | B6: Screen | C6: Zipscreen | F6: =(('Opties & accessories (2)'!E6/(1+Korting!$B$3)*(1-Korting!$B$2))) -> 0 | H6: Hoekprofiel 40x20x2 | J6: =(('Opties & accessories (2)'!I6/(1+Korting!$B$3)*(1-Korting!$B$2)*Prijsmutaties!$G$9)) -> 18.928359 | K6: =(('Opties & accessories (2)'!J6/(1+Korting!$B$3)*(1-Korting!$B$2))) -> 0 | L6: =(('Opties & accessories (2)'!K6/(1+Korting!$B$3)*(1-Korting!$B$2))) -> 0 | M6: =(('Opties & accessories (2)'!L6/(1+Korting!$B$3)*(1-Korting!$B$2)*Prijsmutaties!$G$9)) -> 24.336461 | N6: =(('Opties & accessories (2)'!M6/(1+Korting!$B$3)*(1-Korting!$B$2))) -> 0 | O6: =(('Opties & accessories (2)'!N6/(1+Korting!$B$3)*(1-Korting!$B$2))) -> 0 | P6: =(('Opties & accessories (2)'!O6/(1+Korting!$B$3)*(1-Korting!$B$2))) -> 0 | S6: Verlengkabel solar met stekkers 200 cm | Z6: =(('Opties & accessories (2)'!Y6/(1+Korting!$B$3)*(1-Korting!$B$2)*Prijsmutaties!$G$9)) -> 11.717555 | AA6: =(('Opties & accessories (2)'!Z6/(1+Korting!$B$3)*(1-Korting!$B$2))) -> 0
E7: Hirschmannstekker contradeel installatiedeel 300 cm snoer | F7: =(('Opties & accessories (2)'!E7/(1+Korting!$B$3)*(1-Korting!$B$2)*Prijsmutaties!$G$9)) -> 48.672922 | H7: Hoekprofiel 50x20x2 | J7: =(('Opties & accessories (2)'!I7/(1+Korting!$B$3)*(1-Korting!$B$2)*Prijsmutaties!$G$9)) -> 20.73106 | K7: =(('Opties & accessories (2)'!J7/(1+Korting!$B$3)*(1-Korting!$B$2))) -> 0 | L7: =(('Opties & accessories (2)'!K7/(1+Korting!$B$3)*(1-Korting!$B$2))) -> 0 | M7: =(('Opties & accessories (2)'!L7/(1+Korting!$B$3)*(1-Korting!$B$2)*Prijsmutaties!$G$9)) -> 25.237812 | N7: =(('Opties & accessories (2)'!M7/(1+Korting!$B$3)*(1-Korting!$B$2))) -> 0 | O7: =(('Opties & accessories (2)'!N7/(1+Korting!$B$3)*(1-Korting!$B$2))) -> 0 | P7: =(('Opties & accessories (2)'!O7/(1+Korting!$B$3)*(1-Korting!$B$2))) -> 0 | S7: Verlengkabel solar met stekkers 500 cm | Z7: =(('Opties & accessories (2)'!Y7/(1+Korting!$B$3)*(1-Korting!$B$2)*Prijsmutaties!$G$9)) -> 17.125658 | AA7: =(('Opties & accessories (2)'!Z7/(1+Korting!$B$3)*(1-Korting!$B$2))) -> 0
A8: Aries LS 40 16 rpm (installatie zonder randaarde)* | B8: =(('Opties & accessories (2)'!B8/(1+Korting!$B$3)*(1-Korting!$B$2)*Prijsmutaties!$G$9)) -> 64.89723 | C8: =(('Opties & accessories (2)'!C8/(1+Korting!$B$3)*(1-Korting!$B$2)*Prijsmutaties!$G$9)) -> -73.910734 | F8: =(('Opties & accessories (2)'!E8/(1+Korting!$B$3)*(1-Korting!$B$2))) -> 0 | S8: Adapter solar Brel | Z8: =(('Opties & accessories (2)'!Y8/(1+Korting!$B$3)*(1-Korting!$B$2)*Prijsmutaties!$G$9)) -> 24.336461 | AA8: =(('Opties & accessories (2)'!Z8/(1+Korting!$B$3)*(1-Korting!$B$2))) -> 0
B9: =(('Opties & accessories (2)'!B9/(1+Korting!$B$3)*(1-Korting!$B$2))) -> 0 | C9: =(('Opties & accessories (2)'!C9/(1+Korting!$B$3)*(1-Korting!$B$2))) -> 0 | E9: Hirschmannstekker contradeel installatiedeel 500 cm snoer | F9: =(('Opties & accessories (2)'!E9/(1+Korting!$B$3)*(1-Korting!$B$2)*Prijsmutaties!$G$9)) -> 73.009383 | H9: Hoekprofiel 70x20x2 | J9: =(('Opties & accessories (2)'!I9/(1+Korting!$B$3)*(1-Korting!$B$2)*Prijsmutaties!$G$9)) -> 24.336461 | K9: =(('Opties & accessories (2)'!J9/(1+Korting!$B$3)*(1-Korting!$B$2))) -> 0 | L9: =(('Opties & accessories (2)'!K9/(1+Korting!$B$3)*(1-Korting!$B$2))) -> 0 | M9: =(('Opties & accessories (2)'!L9/(1+Korting!$B$3)*(1-Korting!$B$2)*Prijsmutaties!$G$9)) -> 28.843213 | N9: =(('Opties & accessories (2)'!M9/(1+Korting!$B$3)*(1-Korting!$B$2))) -> 0 | O9: =(('Opties & accessories (2)'!N9/(1+Korting!$B$3)*(1-Korting!$B$2))) -> 0 | P9: =(('Opties & accessories (2)'!O9/(1+Korting!$B$3)*(1-Korting!$B$2))) -> 0 | S9: 15-kanaals wandzender t.b.v. solaruitvoering | Z9: =(('Opties & accessories (2)'!Y9/(1+Korting!$B$3)*(1-Korting!$B$2)*Prijsmutaties!$G$9)) -> 51.376974 | AA9: =(('Opties & accessories (2)'!Z9/(1+Korting!$B$3)*(1-Korting!$B$2))) -> 0
A10: Sunea io 40 16 rpm* | B10: =(('Opties & accessories (2)'!B10/(1+Korting!$B$3)*(1-Korting!$B$2)*Prijsmutaties!$G$9)) -> 169.45388 | C10: =(('Opties & accessories (2)'!C10/(1+Korting!$B$3)*(1-Korting!$B$2)*Prijsmutaties!$G$9)) -> 8.1121537 | F10: =(('Opties & accessories (2)'!E10/(1+Korting!$B$3)*(1-Korting!$B$2))) -> 0 | H10: Hoekprofiel 80x20x2 | J10: =(('Opties & accessories (2)'!I10/(1+Korting!$B$3)*(1-Korting!$B$2)*Prijsmutaties!$G$9)) -> 25.237812 | K10: =(('Opties & accessories (2)'!J10/(1+Korting!$B$3)*(1-Korting!$B$2))) -> 0 | L10: =(('Opties & accessories (2)'!K10/(1+Korting!$B$3)*(1-Korting!$B$2))) -> 0 | M10: =(('Opties & accessories (2)'!L10/(1+Korting!$B$3)*(1-Korting!$B$2)*Prijsmutaties!$G$9)) -> 30.645914 | N10: =(('Opties & accessories (2)'!M10/(1+Korting!$B$3)*(1-Korting!$B$2))) -> 0 | O10: =(('Opties & accessories (2)'!N10/(1+Korting!$B$3)*(1-Korting!$B$2))) -> 0 | P10: =(('Opties & accessories (2)'!O10/(1+Korting!$B$3)*(1-Korting!$B$2))) -> 0 | S10: Smart Hube | Z10: =(('Opties & accessories (2)'!Y10/(1+Korting!$B$3)*(1-Korting!$B$2)*Prijsmutaties!$G$9)) -> 133.85054 | AA10: =(('Opties & accessories (2)'!Z10/(1+Korting!$B$3)*(1-Korting!$B$2))) -> 101.4275
B11: =(('Opties & accessories (2)'!B11/(1+Korting!$B$3)*(1-Korting!$B$2))) -> 0 | C11: =(('Opties & accessories (2)'!C11/(1+Korting!$B$3)*(1-Korting!$B$2))) -> 0 | E11: Hirschmannstekker installatiedeel | F11: =(('Opties & accessories (2)'!E11/(1+Korting!$B$3)*(1-Korting!$B$2)*Prijsmutaties!$G$9)) -> 16.224307
A12: LT 50 32 rpm | B12: =(('Opties & accessories (2)'!B12/(1+Korting!$B$3)*(1-Korting!$B$2)*Prijsmutaties!$G$9)) -> 78.417486 | C12: =(('Opties & accessories (2)'!C12/(1+Korting!$B$3)*(1-Korting!$B$2)*Prijsmutaties!$G$9)) -> -73.910734 | F12: =(('Opties & accessories (2)'!E12/(1+Korting!$B$3)*(1-Korting!$B$2))) -> 0 | H12: Hoekprofiel 120x20x20 | J12: =(('Opties & accessories (2)'!I12/(1+Korting!$B$3)*(1-Korting!$B$2)*Prijsmutaties!$G$9)) -> 28.843213 | M12: =(('Opties & accessories (2)'!L12/(1+Korting!$B$3)*(1-Korting!$B$2)*Prijsmutaties!$G$9)) -> 32.448615 | N12: =(('Opties & accessories (2)'!M12/(1+Korting!$B$3)*(1-Korting!$B$2))) -> 0 | O12: =(('Opties & accessories (2)'!N12/(1+Korting!$B$3)*(1-Korting!$B$2))) -> 0 | P12: =(('Opties & accessories (2)'!O12/(1+Korting!$B$3)*(1-Korting!$B$2))) -> 0
B13: =(('Opties & accessories (2)'!B13/(1+Korting!$B$3)*(1-Korting!$B$2))) -> 0 | C13: =(('Opties & accessories (2)'!C13/(1+Korting!$B$3)*(1-Korting!$B$2))) -> 0 | H13: Koker 40 x 40 x 2 | J13: =(('Opties & accessories (2)'!I13/(1+Korting!$B$3)*(1-Korting!$B$2)*Prijsmutaties!$G$9)) -> 23.885786 | M13: =(('Opties & accessories (2)'!L13/(1+Korting!$B$3)*(1-Korting!$B$2)*Prijsmutaties!$G$9)) -> 29.744564 | N13: =(('Opties & accessories (2)'!M13/(1+Korting!$B$3)*(1-Korting!$B$2))) -> 0 | O13: =(('Opties & accessories (2)'!N13/(1+Korting!$B$3)*(1-Korting!$B$2))) -> 0 | P13: =(('Opties & accessories (2)'!O13/(1+Korting!$B$3)*(1-Korting!$B$2))) -> 0
A14: Sunilus io 17 rpm | B14: =(('Opties & accessories (2)'!B14/(1+Korting!$B$3)*(1-Korting!$B$2)*Prijsmutaties!$G$9)) -> 164.49645 | C14: inclusief | H14: Koker 80 x 40 x 4 | J14: =(('Opties & accessories (2)'!I14/(1+Korting!$B$3)*(1-Korting!$B$2)*Prijsmutaties!$G$9)) -> 37.856717 | K14: =(('Opties & accessories (2)'!J14/(1+Korting!$B$3)*(1-Korting!$B$2))) -> 0 | L14: =(('Opties & accessories (2)'!K14/(1+Korting!$B$3)*(1-Korting!$B$2))) -> 0 | M14: =(('Opties & accessories (2)'!L14/(1+Korting!$B$3)*(1-Korting!$B$2)*Prijsmutaties!$G$9)) -> 45.067521 | N14: =(('Opties & accessories (2)'!M14/(1+Korting!$B$3)*(1-Korting!$B$2))) -> 0 | O14: =(('Opties & accessories (2)'!N14/(1+Korting!$B$3)*(1-Korting!$B$2))) -> 0 | P14: =(('Opties & accessories (2)'!O14/(1+Korting!$B$3)*(1-Korting!$B$2))) -> 0
B15: =(('Opties & accessories (2)'!B15/(1+Korting!$B$3)*(1-Korting!$B$2))) -> 0 | C15: =(('Opties & accessories (2)'!C15/(1+Korting!$B$3)*(1-Korting!$B$2))) -> 0 | E15: Zwarte UV-bestendige motorkabels | H15: Uitvulprofielen 10 mm | J15: =(('Opties & accessories (2)'!I15/(1+Korting!$B$3)*(1-Korting!$B$2)*Prijsmutaties!$G$9)) -> 9.0135041 | K15: =(('Opties & accessories (2)'!J15/(1+Korting!$B$3)*(1-Korting!$B$2))) -> 0 | L15: =(('Opties & accessories (2)'!K15/(1+Korting!$B$3)*(1-Korting!$B$2))) -> 0 | M15: =(('Opties & accessories (2)'!L15/(1+Korting!$B$3)*(1-Korting!$B$2)*Prijsmutaties!$G$9)) -> 13.520256 | N15: =(('Opties & accessories (2)'!M15/(1+Korting!$B$3)*(1-Korting!$B$2))) -> 0 | O15: =(('Opties & accessories (2)'!N15/(1+Korting!$B$3)*(1-Korting!$B$2))) -> 0 | P15: =(('Opties & accessories (2)'!O15/(1+Korting!$B$3)*(1-Korting!$B$2))) -> 0
A16: Maestria io 32 rpm | B16: =(('Opties & accessories (2)'!B16/(1+Korting!$B$3)*(1-Korting!$B$2)*Prijsmutaties!$G$9)) -> 177.56603 | C16: =(('Opties & accessories (2)'!C16/(1+Korting!$B$3)*(1-Korting!$B$2)*Prijsmutaties!$G$9)) -> 40.560769 | H16: * I.v.m. opstartkosten prijzen geldig i.c.m. een compleet product
B17: =(('Opties & accessories (2)'!B17/(1+Korting!$B$3)*(1-Korting!$B$2))) -> 0 | C17: =(('Opties & accessories (2)'!C17/(1+Korting!$B$3)*(1-Korting!$B$2))) -> 0 | E17: 3 meter kabelsnoer | F17: =(('Opties & accessories (2)'!E17/(1+Korting!$B$3)*(1-Korting!$B$2)*Prijsmutaties!$G$9)) -> 32.448615
A18: Maestria WT 17 rpm | B18: =(('Opties & accessories (2)'!B18/(1+Korting!$B$3)*(1-Korting!$B$2)*Prijsmutaties!$G$9)) -> 111.76745 | C18: =(('Opties & accessories (2)'!C18/(1+Korting!$B$3)*(1-Korting!$B$2)*Prijsmutaties!$G$9)) -> 0 | F18: =(('Opties & accessories (2)'!E18/(1+Korting!$B$3)*(1-Korting!$B$2))) -> 0 | H18: Uitvulbusjes per 100 stuks
B19: =(('Opties & accessories (2)'!B19/(1+Korting!$B$3)*(1-Korting!$B$2))) -> 0 | C19: =(('Opties & accessories (2)'!C19/(1+Korting!$B$3)*(1-Korting!$B$2))) -> 0 | E19: 5 meter kabelsnoer | F19: =(('Opties & accessories (2)'!E19/(1+Korting!$B$3)*(1-Korting!$B$2)*Prijsmutaties!$G$9)) -> 44.616845 | H19: Uitvulbusjes 5 mm, zwart, grijs, crèmewit of wit | O19: =(('Opties & accessories (2)'!N18/(1+Korting!$B$3)*(1-Korting!$B$2)*Prijsmutaties!$G$9)) -> 64.89723
F20: =(('Opties & accessories (2)'!E20/(1+Korting!$B$3)*(1-Korting!$B$2))) -> 0 | H20: Uitvulbusjes 10 mm, zwart, grijs, crèmewit of wit | O20: =(('Opties & accessories (2)'!N21/(1+Korting!$B$3)*(1-Korting!$B$2)*Prijsmutaties!$G$9)) -> 73.910734 | P20: =(('Opties & accessories (2)'!O21/(1+Korting!$B$3)*(1-Korting!$B$2))) -> 0
E21: 10 meter kabelsnoer | F21: =(('Opties & accessories (2)'!E21/(1+Korting!$B$3)*(1-Korting!$B$2)*Prijsmutaties!$G$9)) -> 80.220187
A22: Bedieningen | F22: =(('Opties & accessories (2)'!E22/(1+Korting!$B$3)*(1-Korting!$B$2))) -> 0
H23: Screens minimale breedte per bediening in mm
A24: Situo 1 io handzender 1-kanaals | B24: =(('Opties & accessories (2)'!B24/(1+Korting!$B$3)*(1-Korting!$B$2)*Prijsmutaties!$G$9)) -> 63.094529 | I24: hand bed. | K24: Aries ls 40 | L24: Screen- job ls 40 | N24: Sunea io 40 | P24: LT 50 12 rpm | R24: io 50 | AC24: Solar Somfy RS 100 io
B25: =(('Opties & accessories (2)'!B25/(1+Korting!$B$3)*(1-Korting!$B$2))) -> 0 | E25: Witte motorkabels | H25: Square 70 | I25: 400 | K25: 506 | L25: 578 | N25: 580 | P25: n.v.t. | R25: n.v.t. | AC25: nvt
A26: Situo 5 io handzender 5-kanaals | B26: =(('Opties & accessories (2)'!B26/(1+Korting!$B$3)*(1-Korting!$B$2)*Prijsmutaties!$G$9)) -> 96.444494 | H26: Square 85/100 | I26: 400 | K26: 506 | L26: n.v.t. | N26: 580 | P26: 607 | R26: 657 | AC26: 585
B27: =(('Opties & accessories (2)'!B27/(1+Korting!$B$3)*(1-Korting!$B$2))) -> 0 | E27: 3 meter kabelsnoer | F27: =(('Opties & accessories (2)'!E27/(1+Korting!$B$3)*(1-Korting!$B$2)*Prijsmutaties!$G$9)) -> 24.336461 | H27: Carré 85/100 | I27: n.v.t. | K27: 546 | L27: n.v.t. | N27: 620 | P27: 647 | R27: 697 | AC27: nvt
F28: =(('Opties & accessories (2)'!E28/(1+Korting!$B$3)*(1-Korting!$B$2))) -> 0
E29: 5 meter kabelsnoer | F29: =(('Opties & accessories (2)'!E29/(1+Korting!$B$3)*(1-Korting!$B$2)*Prijsmutaties!$G$9)) -> 32.448615 | H29: ZipScreens minimale breedte per bediening in mm
A30: Meerprijzen profielen | F30: =(('Opties & accessories (2)'!E30/(1+Korting!$B$3)*(1-Korting!$B$2))) -> 0 | J30: Aries ls 40 | K30: Sunea io 40 | L30: LT 50 12 rpm | N30: io 50 | O30: Solar Brel
E31: 10 meter kabelsnoer | F31: =(('Opties & accessories (2)'!E31/(1+Korting!$B$3)*(1-Korting!$B$2)*Prijsmutaties!$G$9)) -> 48.672922 | H31: Zip Square 85/100 | J31: 587 | K31: 651 | L31: 694 | N31: 744 | O31: 810
A32: Geleider met flens per meter | B32: =(('Opties & accessories (2)'!B32/(1+Korting!$B$3)*(1-Korting!$B$2)*Prijsmutaties!$G$9)) -> 7.6614785 | F32: =(('Opties & accessories (2)'!E32/(1+Korting!$B$3)*(1-Korting!$B$2))) -> 0 | H32: SunZip Design 110 | J32: 627 | K32: 701 | L32: 734 | N32: 784 | O32: 810
B33: =(('Opties & accessories (2)'!B33/(1+Korting!$B$3)*(1-Korting!$B$2))) -> 0 | H33: Zip Square 130 | J33: 572 | K33: 646 | L33: 679 | N33: 729 | O33: nvt
A34: LHTF geleider per meter | B34: =(('Opties & accessories (2)'!B34/(1+Korting!$B$3)*(1-Korting!$B$2)*Prijsmutaties!$G$9)) -> 11.717555 | E34: Koppelen Screen Square 70/85/100
B35: =(('Opties & accessories (2)'!B35/(1+Korting!$B$3)*(1-Korting!$B$2))) -> 0 | E35: Stap 1: Calculeer 2 screens met standaard motor
A36: GM-ZIP geleider | B36: =(('Opties & accessories (2)'!B36/(1+Korting!$B$3)*(1-Korting!$B$2)*Prijsmutaties!$G$9)) -> 0 | E36: =CONCATENATE("Stap 2: Trek € ",MROUND(((73/(1+Korting!$B$3)*(1-Korting!$B$2)*Prijsmutaties!$G$9)),1)," af van de totaalprijs van deze 2 screens") -> Stap 2: Trek € 66 af van de totaalprijs van deze 2 screens
B37: =(('Opties & accessories (2)'!B37/(1+Korting!$B$3)*(1-Korting!$B$2))) -> 0 | E37: Stap 3: Bereken de eventuele meerprijs van 1 optionele motor
A38: Verandageleider in de dag per meter | B38: =(('Opties & accessories (2)'!B38/(1+Korting!$B$3)*(1-Korting!$B$2)*Prijsmutaties!$G$9)) -> 5.4081025
B39: =(('Opties & accessories (2)'!B39/(1+Korting!$B$3)*(1-Korting!$B$2))) -> 0
A41: * Let op: Square 70 alleen 40 motor toepasbaar

Sheet Screendoek (2)
A1: Screendoek
A2: Collectie Meerprijs Prijs bij t.o.v. screens los doek
A3: Sergé 525 gr/m2 standaard collectie | B3: per m² | C3: 0 | D3: 55
A4: Sergé 525 gr/m2 buiten standaard Sunmaster collectie | B4: per m² | C4: 15 | D4: 71
A5: Sergé 1% doorzichtfactor* | B5: per m² | C5: 24.5 | D5: 80.5
A9: Soltis 86
A10: Soltis 92
A11: Soltis B92 verduisterend (niet mogelijk in combinatie met rits)
A12: Soltis 93
A13: Veozip
A15: Toeslagen
A16: Toeslag klikpees buiskant (let op H + 20 cm bestellen) | C16: per meter | D16: 5.5
A17: Toeslag voor het lassen van een horizontale lasnaad | C17: per meter | D17: 16.5
A18: Toeslag uitvoering met rits | C18: per doek | D18: 44
A19: Toeslag afwijkende gelaste zoom | C19: per doek | D19: 0.4
A20: Toeslag vertikale lasband zijkanten screendoek | C20: per doek | D20: 9.5
A21: Inzetten tourniquet of tenax | C21: per stuk | D21: 9.5
A22: Speciale modellen / trapezium | C22: per doek | D22: 0.5
A23: Coupages (rolbreedte) | C23: per m²* | D23: -0.1
A24: Screendoek Minimale prijs per los doek is altijd 1,4 m². Bij bestelling van losse confectie buiten de standaard collectie wordt onder een factuurbedrag lager dan € 500,- een extra toeslag berekend van € 25-.

Sheet Screendoek
A1: Screendoek
A2: Collectie Meerprijs Prijs bij t.o.v. screens los doek
A3: Sergé 525 gr/m2 standaard collectie | B3: per m² | C3: =(('Screendoek (2)'!C3/(1+Korting!$B$3)*(1-Korting!$B$2)*Prijsmutaties!$F$9)) -> 0 | D3: =(('Screendoek (2)'!D3/(1+Korting!$B$3)*(1-Korting!$B$2)*Prijsmutaties!$F$9)) -> 53.40202
A4: Sergé 525 gr/m2 buiten standaard Sunmaster collectie | B4: per m² | C4: =(('Screendoek (2)'!C4/(1+Korting!$B$3)*(1-Korting!$B$2)*Prijsmutaties!$F$9)) -> 14.564187 | D4: =(('Screendoek (2)'!D4/(1+Korting!$B$3)*(1-Korting!$B$2)*Prijsmutaties!$F$9)) -> 68.937153
A5: Sergé 1% doorzichtfactor* | B5: per m² | C5: =(('Screendoek (2)'!C5/(1+Korting!$B$3)*(1-Korting!$B$2)*Prijsmutaties!$F$9)) -> 23.788173 | D5: =(('Screendoek (2)'!D5/(1+Korting!$B$3)*(1-Korting!$B$2)*Prijsmutaties!$F$9)) -> 78.161139
C8: Prijs op aanvraag
A9: Soltis 86 270 | C9: Prijs op aanvraag
A10: Soltis 92 | C10: Prijs op aanvraag
A11: Soltis B92 verduisterend (niet mogelijk in combinatie met rits) | C11: Prijs op aanvraag
A12: Soltis 93 | C12: Prijs op aanvraag
A14: Toeslagen
A15: Toeslag klikpees buiskant (let op H + 20 cm bestellen) | C15: per meter | D15: =(('Screendoek (2)'!D16/(1+Korting!$B$3)*(1-Korting!$B$2)*Prijsmutaties!$E$9)) -> 5.2375058
A16: Toeslag voor het lassen van een horizontale lasnaad | C16: per meter | D16: =(('Screendoek (2)'!D17/(1+Korting!$B$3)*(1-Korting!$B$2)*Prijsmutaties!$E$9)) -> 15.712517
A17: Toeslag uitvoering met rits | C17: per doek | D17: =(('Screendoek (2)'!D18/(1+Korting!$B$3)*(1-Korting!$B$2)*Prijsmutaties!$F$9)) -> 42.721616
A18: Toeslag afwijkende gelaste zoom | C18: per doek | D18: 0.4
A19: Toeslag vertikale lasband zijkanten screendoek | C19: per doek | D19: =(('Screendoek (2)'!D20/(1+Korting!$B$3)*(1-Korting!$B$2)*Prijsmutaties!$E$9)) -> 9.046601
A20: Inzetten tourniquet of tenax | C20: per stuk | D20: =(('Screendoek (2)'!D21/(1+Korting!$B$3)*(1-Korting!$B$2)*Prijsmutaties!$E$9)) -> 9.046601
A21: Speciale modellen / trapezium | C21: Prijs op aanvraag
A22: Coupages (rolbreedte) | C22: per m²* | D22: -0.1
A24: Screendoek Minimale prijs per los doek is altijd 1,4 m².

Sheet SunBasic (2)
A1: SunBasic
A2: Uitval 250 cm Uitval 300 cm
H3: Minderprijs tov Orea WT
H4: Draaistangbediening -/- | I4: -272
A5: (minimale breedte elektrisch 277 cm) (minimale breedte oogwindwerk 280 cm) | E5: (minimale breedte elektrisch 327 cm) (minimale breedte oogwindwerk 330 cm) | I5: -163
A6: Scherm | B6: Orea | C6: Sunea | E6: Scherm | F6: Orea | G6: Sunea | I6: -145
A7: breedte | B7: WT | C7: IO | E7: breedte | F7: WT | G7: IO | I7: -46.5
A8: 300 | B8: 1749 | C8: 1799
A9: 350 | B9: 1809 | C9: 1859 | E9: 350 | F9: 2000 | G9: 2050
A10: 400 | B10: 1899 | C10: 1949 | E10: 400 | F10: 2029 | G10: 2079
A11: 450 | B11: 1989 | C11: 2039 | E11: 450 | F11: 2129 | G11: 2179
A12: 500 | B12: 2079 | C12: 2129 | E12: 500 | F12: 2239 | G12: 2289
A13: 550 | B13: 2159 | C13: 2209 | E13: 550 | G13: 2369
A14: SunBasic Cassette
A15: Uitval 250 cm Uitval 300 cm
A16: (minimale breedte elektrisch 277 cm) (minimale breedte elektrisch 327 cm)
A17: Scherm | B17: Orea | C17: Sunea | F17: Scherm | G17: Orea | H17: Sunea
A18: breedte | B18: WT | C18: IO | F18: breedte | G18: WT | H18: IO
A19: 300 | B19: 1899 | C19: =B19+50-$J$19 -> 1942.993 | J19: =50-(50/1.061/1.03/1.04) -> 6.0069516
A20: 350 | B20: 1959 | C20: =B20+50-$J$19 -> 2002.993 | F20: 350 | G20: 2109 | H20: =G20+50-$J$19 -> 2152.993
A21: 400 | B21: 2069 | C21: =B21+50-$J$19 -> 2112.993 | F21: 400 | G21: 2219 | H21: =G21+50-$J$19 -> 2262.993
A22: 450 | B22: 2179 | C22: =B22+50-$J$19 -> 2222.993 | F22: 450 | G22: 2329 | H22: =G22+50-$J$19 -> 2372.993
A23: 500 | B23: 2289 | C23: =B23+50-$J$19 -> 2332.993 | F23: 500 | G23: 2449 | H23: =G23+50-$J$19 -> 2492.993
A24: 550 | B24: 2389 | C24: =B24+50-$J$19 -> 2432.993 | F24: 500 | G24: 2540 | H24: =G24+50-$J$19 -> 2583.993
A26: Veelgekozen opties
A27: Situo 1 io handzender | F27: 70
A28: Verlengde 2-delige muursteun 50 cm per stuk | F28: 69
A29: Verlengde 2-delige muursteun 80 cm per stuk | F29: 96

Sheet SunBasic
A1: SunBasic
A2: Uitval 250 cm Uitval 300 cm
H3: Minderprijzen
H4: Draaistangbediening | I4: =(('SunBasic (2)'!I4/(1+Korting!$B$3)*(1-Korting!$B$2)*Prijsmutaties!$J$9)) -> -247.85259
A5: (minimale breedte elektrisch 280 cm) (minimale breedte oogwindwerk 283 cm) | E5: (minimale breedte elektrisch 330 cm) (minimale breedte oogwindwerk 333 cm) | H5: 150 cm uitval* | I5: =(('SunBasic (2)'!I5/(1+Korting!$B$3)*(1-Korting!$B$2)*Prijsmutaties!$J$9)) -> -148.52931
A6: Scherm | B6: Sunea | E6: Scherm | F6: Sunea | H6: 200 cm uitval* | I6: =(('SunBasic (2)'!I6/(1+Korting!$B$3)*(1-Korting!$B$2)*Prijsmutaties!$J$9)) -> -132.1273
A7: breedte | B7: IO | E7: breedte | F7: IO | H7: Orea WT | I7: =(('SunBasic (2)'!I7/(1+Korting!$B$3)*(1-Korting!$B$2)*Prijsmutaties!$J$9)) -> -42.371858
A8: 300 | B8: =(('SunBasic (2)'!C8/(1+Korting!$B$3)*(1-Korting!$B$2)*Prijsmutaties!$C$9)) -> 1781.5054
A9: 350 | B9: =(('SunBasic (2)'!C9/(1+Korting!$B$3)*(1-Korting!$B$2)*Prijsmutaties!$C$9)) -> 1840.9219 | E9: 350 | F9: =(('SunBasic (2)'!G9/(1+Korting!$B$3)*(1-Korting!$B$2)*Prijsmutaties!$C$9)) -> 2030.0645
A10: 400 | B10: =(('SunBasic (2)'!C10/(1+Korting!$B$3)*(1-Korting!$B$2)*Prijsmutaties!$C$9)) -> 1930.0467 | E10: 400 | F10: =(('SunBasic (2)'!G10/(1+Korting!$B$3)*(1-Korting!$B$2)*Prijsmutaties!$C$9)) -> 2058.7825
A11: 450 | B11: =(('SunBasic (2)'!C11/(1+Korting!$B$3)*(1-Korting!$B$2)*Prijsmutaties!$C$9)) -> 2019.1715 | E11: 450 | F11: =(('SunBasic (2)'!G11/(1+Korting!$B$3)*(1-Korting!$B$2)*Prijsmutaties!$C$9)) -> 2157.8101
A12: 500 | B12: =(('SunBasic (2)'!C12/(1+Korting!$B$3)*(1-Korting!$B$2)*Prijsmutaties!$C$9)) -> 2108.2963 | E12: 500 | F12: =(('SunBasic (2)'!G12/(1+Korting!$B$3)*(1-Korting!$B$2)*Prijsmutaties!$C$9)) -> 2266.7404
A13: 550 | B13: =(('SunBasic (2)'!C13/(1+Korting!$B$3)*(1-Korting!$B$2)*Prijsmutaties!$C$9)) -> 2187.5183 | E13: 550 | F13: =(('SunBasic (2)'!G13/(1+Korting!$B$3)*(1-Korting!$B$2)*Prijsmutaties!$C$9)) -> 2345.9624
A14: SunBasic Cassette
A15: Uitval 250 cm Uitval 300 cm
A16: (minimale breedte elektrisch 277 cm) (minimale breedte elektrisch 327 cm)
A17: Scherm | B17: Sunea | E17: Scherm | F17: Sunea | H17: Minderprijzen
A18: breedte | B18: IO | E18: breedte | F18: IO | H18: 150 cm uitval* | I18: =I5 -> -148.52931
A19: 300 | B19: =(('SunBasic (2)'!C19/(1+Korting!$B$3)*(1-Korting!$B$2)*Prijsmutaties!$C$9)) -> 1924.0982 | H19: 200 cm uitval* | I19: =I6 -> -132.1273
A20: 350 | B20: =(('SunBasic (2)'!C20/(1+Korting!$B$3)*(1-Korting!$B$2)*Prijsmutaties!$C$9)) -> 1983.5147 | E20: 350 | F20: =(('SunBasic (2)'!H20/(1+Korting!$B$3)*(1-Korting!$B$2)*Prijsmutaties!$C$9)) -> 2132.056 | H20: Orea WT | I20: =I7 -> -42.371858
A21: 400 | B21: =(('SunBasic (2)'!C21/(1+Korting!$B$3)*(1-Korting!$B$2)*Prijsmutaties!$C$9)) -> 2092.445 | E21: 400 | F21: =(('SunBasic (2)'!H21/(1+Korting!$B$3)*(1-Korting!$B$2)*Prijsmutaties!$C$9)) -> 2240.9863
A22: 450 | B22: =(('SunBasic (2)'!C22/(1+Korting!$B$3)*(1-Korting!$B$2)*Prijsmutaties!$C$9)) -> 2201.3753 | E22: 450 | F22: =(('SunBasic (2)'!H22/(1+Korting!$B$3)*(1-Korting!$B$2)*Prijsmutaties!$C$9)) -> 2349.9166
A23: 500 | B23: =(('SunBasic (2)'!C23/(1+Korting!$B$3)*(1-Korting!$B$2)*Prijsmutaties!$C$9)) -> 2310.3056 | E23: 500 | F23: =(('SunBasic (2)'!H23/(1+Korting!$B$3)*(1-Korting!$B$2)*Prijsmutaties!$C$9)) -> 2468.7497
A24: 550 | B24: =(('SunBasic (2)'!C24/(1+Korting!$B$3)*(1-Korting!$B$2)*Prijsmutaties!$C$9)) -> 2409.3331 | E24: 550 | F24: =(('SunBasic (2)'!H24/(1+Korting!$B$3)*(1-Korting!$B$2)*Prijsmutaties!$C$9)) -> 2558.8647
A26: Veelgekozen opties
A27: Situo 1 io handzender | F27: =(('SunBasic (2)'!F27/(1+Korting!$B$3)*(1-Korting!$B$2)*Prijsmutaties!$G$9)) -> 63.094529
A28: Verlengde 2-delige muursteun 50 cm per stuk | F28: =(('SunBasic (2)'!F28/(1+Korting!$B$3)*(1-Korting!$B$2)*Prijsmutaties!$G$9)) -> 62.193179
A29: Verlengde 2-delige muursteun 80 cm per stuk | F29: =(('SunBasic (2)'!F29/(1+Korting!$B$3)*(1-Korting!$B$2)*Prijsmutaties!$G$9)) -> 86.52964
A30: * = berekening minimale breedte =uitval + 30 cm.

Sheet SunCar (2)
A1: SunCar
A2: Uitval 250 cm Uitval 300 cm
A3: (werkelijk 255 cm) (minimale breedte 269 cm)
A4: Meerprijs | E4: Scherm | G4: Orea | H4: Sunea | J4: Scherm | K4: Orea | L4: Sunea
A5: Trend | B5: RAL | E5: breedte | G5: WT | H5: IO | J5: breedte | K5: WT | L5: IO
A6: 362.86522 | B6: 605.08954 | E6: 269 | G6: 2325 | H6: 2372.1254
A7: 393.96795 | B7: 656.92743 | E7: 300 | G7: 2353 | H7: 2400.1254 | J7: 319 | K7: 2487 | L7: 2534.1254
A8: 424.12818 | B8: 705.93779 | E8: 350 | G8: 2382 | H8: 2429.1254 | J8: 350 | K8: 2518 | L8: 2565.1254
A9: 456.17342 | B9: 759.6607 | E9: 400 | G9: 2415 | H9: 2462.1254 | J9: 400 | K9: 2558 | L9: 2605.1254
A10: 490.10368 | B10: 816.21112 | E10: 450 | G10: 2489 | H10: 2536.1254 | J10: 450 | K10: 2647 | L10: 2694.1254
A11: 490.10368 | B11: 816.21112 | E11: 500 | G11: 2606 | H11: 2653.1254 | J11: 500 | K11: 2790 | L11: 2837.1254
A12: 550.42413 | B12: 917.05938 | E12: 550 | G12: 2713 | H12: 2760.1254 | J12: 550 | K12: 2887 | L12: 2934.1254
A13: 550.42413 | B13: 917.05938 | E13: 600 | G13: 2801 | H13: 2848.1254 | J13: 600 | K13: 3018 | L13: 3065.1254
A15: Veelgekozen opties
A16: Situo 1 io handzender | J16: 70
A17: Verlengde muursteun 50 cm per stuk | J17: 47
A18: Verlengde muursteun 80 cm per stuk | J18: 75
A19: Minderprijzen t.o.v. 250 cm
A20: 150 cm uitval* -/- | G20: -169
A21: 200 cm uitval* -/- | G21: -150

Sheet SunCar
A1: SunCar
D2: Uitval 250 cm | I2: Uitval 300 cm
D3: (werkelijk 255 cm) (minimale breedte 269 cm) | I3: (werkelijk 295 cm) (minimale breedte 319 cm)
A4: Meerprijs | D4: Scherm | F4: Orea | G4: Sunea | I4: Scherm | J4: Orea | K4: Sunea
A5: Trend | B5: RAL | D5: breedte | F5: WT | G5: IO | I5: breedte | J5: WT | K5: IO
A6: =(('SunCar (2)'!A6/(1+Korting!$B$3)*(1-Korting!$B$2)*Prijsmutaties!$B$9)) -> 352.44095 | B6: =(('SunCar (2)'!B6/(1+Korting!$B$3)*(1-Korting!$B$2)*Prijsmutaties!$B$9)) -> 587.70673 | C6: =(('SunCar (2)'!C6/(1+Korting!$B$3)*(1-Korting!$B$2))) -> 0 | D6: 269 | F6: =(('SunCar (2)'!G6/(1+Korting!$B$3)*(1-Korting!$B$2)*Prijsmutaties!$B$9)) -> 2258.2082 | G6: =(('SunCar (2)'!H6/(1+Korting!$B$3)*(1-Korting!$B$2)*Prijsmutaties!$B$9)) -> 2303.9797
A7: =(('SunCar (2)'!A7/(1+Korting!$B$3)*(1-Korting!$B$2)*Prijsmutaties!$B$9)) -> 382.65017 | B7: =(('SunCar (2)'!B7/(1+Korting!$B$3)*(1-Korting!$B$2)*Prijsmutaties!$B$9)) -> 638.05543 | C7: =(('SunCar (2)'!C7/(1+Korting!$B$3)*(1-Korting!$B$2))) -> 0 | D7: 300 | F7: =(('SunCar (2)'!G7/(1+Korting!$B$3)*(1-Korting!$B$2)*Prijsmutaties!$B$9)) -> 2285.4038 | G7: =(('SunCar (2)'!H7/(1+Korting!$B$3)*(1-Korting!$B$2)*Prijsmutaties!$B$9)) -> 2331.1753 | I7: 319 | J7: =(('SunCar (2)'!K7/(1+Korting!$B$3)*(1-Korting!$B$2)*Prijsmutaties!$B$9)) -> 2415.5543 | K7: =(('SunCar (2)'!L7/(1+Korting!$B$3)*(1-Korting!$B$2)*Prijsmutaties!$B$9)) -> 2461.3258
A8: =(('SunCar (2)'!A8/(1+Korting!$B$3)*(1-Korting!$B$2)*Prijsmutaties!$B$9)) -> 411.94397 | B8: =(('SunCar (2)'!B8/(1+Korting!$B$3)*(1-Korting!$B$2)*Prijsmutaties!$B$9)) -> 685.65785 | C8: =(('SunCar (2)'!C8/(1+Korting!$B$3)*(1-Korting!$B$2))) -> 0 | D8: 350 | F8: =(('SunCar (2)'!G8/(1+Korting!$B$3)*(1-Korting!$B$2)*Prijsmutaties!$B$9)) -> 2313.5707 | G8: =(('SunCar (2)'!H8/(1+Korting!$B$3)*(1-Korting!$B$2)*Prijsmutaties!$B$9)) -> 2359.3422 | I8: 350 | J8: =(('SunCar (2)'!K8/(1+Korting!$B$3)*(1-Korting!$B$2)*Prijsmutaties!$B$9)) -> 2445.6637 | K8: =(('SunCar (2)'!L8/(1+Korting!$B$3)*(1-Korting!$B$2)*Prijsmutaties!$B$9)) -> 2491.4353
A9: =(('SunCar (2)'!A9/(1+Korting!$B$3)*(1-Korting!$B$2)*Prijsmutaties!$B$9)) -> 443.06862 | B9: =(('SunCar (2)'!B9/(1+Korting!$B$3)*(1-Korting!$B$2)*Prijsmutaties!$B$9)) -> 737.83742 | C9: =(('SunCar (2)'!C9/(1+Korting!$B$3)*(1-Korting!$B$2))) -> 0 | D9: 400 | F9: =(('SunCar (2)'!G9/(1+Korting!$B$3)*(1-Korting!$B$2)*Prijsmutaties!$B$9)) -> 2345.6227 | G9: =(('SunCar (2)'!H9/(1+Korting!$B$3)*(1-Korting!$B$2)*Prijsmutaties!$B$9)) -> 2391.3942 | I9: 400 | J9: =(('SunCar (2)'!K9/(1+Korting!$B$3)*(1-Korting!$B$2)*Prijsmutaties!$B$9)) -> 2484.5146 | K9: =(('SunCar (2)'!L9/(1+Korting!$B$3)*(1-Korting!$B$2)*Prijsmutaties!$B$9)) -> 2530.2862
A10: =(('SunCar (2)'!A10/(1+Korting!$B$3)*(1-Korting!$B$2)*Prijsmutaties!$B$9)) -> 476.02414 | B10: =(('SunCar (2)'!B10/(1+Korting!$B$3)*(1-Korting!$B$2)*Prijsmutaties!$B$9)) -> 792.76328 | C10: =(('SunCar (2)'!C10/(1+Korting!$B$3)*(1-Korting!$B$2))) -> 0 | D10: 450 | F10: =(('SunCar (2)'!G10/(1+Korting!$B$3)*(1-Korting!$B$2)*Prijsmutaties!$B$9)) -> 2417.4968 | G10: =(('SunCar (2)'!H10/(1+Korting!$B$3)*(1-Korting!$B$2)*Prijsmutaties!$B$9)) -> 2463.2684 | I10: 450 | J10: =(('SunCar (2)'!K10/(1+Korting!$B$3)*(1-Korting!$B$2)*Prijsmutaties!$B$9)) -> 2570.9579 | K10: =(('SunCar (2)'!L10/(1+Korting!$B$3)*(1-Korting!$B$2)*Prijsmutaties!$B$9)) -> 2616.7294
A11: =(('SunCar (2)'!A11/(1+Korting!$B$3)*(1-Korting!$B$2)*Prijsmutaties!$B$9)) -> 476.02414 | B11: =(('SunCar (2)'!B11/(1+Korting!$B$3)*(1-Korting!$B$2)*Prijsmutaties!$B$9)) -> 792.76328 | C11: =(('SunCar (2)'!C11/(1+Korting!$B$3)*(1-Korting!$B$2))) -> 0 | D11: 500 | F11: =(('SunCar (2)'!G11/(1+Korting!$B$3)*(1-Korting!$B$2)*Prijsmutaties!$B$9)) -> 2531.1357 | G11: =(('SunCar (2)'!H11/(1+Korting!$B$3)*(1-Korting!$B$2)*Prijsmutaties!$B$9)) -> 2576.9072 | I11: 500 | J11: =(('SunCar (2)'!K11/(1+Korting!$B$3)*(1-Korting!$B$2)*Prijsmutaties!$B$9)) -> 2709.8498 | K11: =(('SunCar (2)'!L11/(1+Korting!$B$3)*(1-Korting!$B$2)*Prijsmutaties!$B$9)) -> 2755.6214
A12: =(('SunCar (2)'!A12/(1+Korting!$B$3)*(1-Korting!$B$2)*Prijsmutaties!$B$9)) -> 534.61173 | B12: =(('SunCar (2)'!B12/(1+Korting!$B$3)*(1-Korting!$B$2)*Prijsmutaties!$B$9)) -> 890.7144 | C12: =(('SunCar (2)'!C12/(1+Korting!$B$3)*(1-Korting!$B$2))) -> 0 | D12: 550 | F12: =(('SunCar (2)'!G12/(1+Korting!$B$3)*(1-Korting!$B$2)*Prijsmutaties!$B$9)) -> 2635.0618 | G12: =(('SunCar (2)'!H12/(1+Korting!$B$3)*(1-Korting!$B$2)*Prijsmutaties!$B$9)) -> 2680.8334 | I12: 550 | J12: =(('SunCar (2)'!K12/(1+Korting!$B$3)*(1-Korting!$B$2)*Prijsmutaties!$B$9)) -> 2804.0632 | K12: =(('SunCar (2)'!L12/(1+Korting!$B$3)*(1-Korting!$B$2)*Prijsmutaties!$B$9)) -> 2849.8348
A13: =(('SunCar (2)'!A13/(1+Korting!$B$3)*(1-Korting!$B$2)*Prijsmutaties!$B$9)) -> 534.61173 | B13: =(('SunCar (2)'!B13/(1+Korting!$B$3)*(1-Korting!$B$2)*Prijsmutaties!$B$9)) -> 890.7144 | C13: =(('SunCar (2)'!C13/(1+Korting!$B$3)*(1-Korting!$B$2))) -> 0 | D13: 600 | F13: =(('SunCar (2)'!G13/(1+Korting!$B$3)*(1-Korting!$B$2)*Prijsmutaties!$B$9)) -> 2720.5338 | G13: =(('SunCar (2)'!H13/(1+Korting!$B$3)*(1-Korting!$B$2)*Prijsmutaties!$B$9)) -> 2766.3053 | I13: 600 | J13: =(('SunCar (2)'!K13/(1+Korting!$B$3)*(1-Korting!$B$2)*Prijsmutaties!$B$9)) -> 2931.2999 | K13: =(('SunCar (2)'!L13/(1+Korting!$B$3)*(1-Korting!$B$2)*Prijsmutaties!$B$9)) -> 2977.0714
A15: Veelgekozen opties
A16: Situo 1 io handzender | I16: =(('SunCar (2)'!J16/(1+Korting!$B$3)*(1-Korting!$B$2)*Prijsmutaties!$B$9)) -> 67.989063
A17: Verlengde muursteun 50 cm per stuk | I17: =(('SunCar (2)'!J17/(1+Korting!$B$3)*(1-Korting!$B$2)*Prijsmutaties!$B$9)) -> 45.6498
A18: Verlengde muursteun 80 cm per stuk | I18: =(('SunCar (2)'!J18/(1+Korting!$B$3)*(1-Korting!$B$2)*Prijsmutaties!$B$9)) -> 72.845425
A19: Minderprijzen t.o.v. 250 cm
A20: 150 cm uitval* | F20: =(('SunCar (2)'!G20/(1+Korting!$B$3)*(1-Korting!$B$2)*Prijsmutaties!$B$9)) -> -164.14502
A21: 200 cm uitval* | F21: =(('SunCar (2)'!G21/(1+Korting!$B$3)*(1-Korting!$B$2)*Prijsmutaties!$B$9)) -> -145.69085
A22: * = berekening minimale breedte = uitval + 19 cm.

Sheet Suneye (2)
A1: SunEye
A2: Uitval 250 cm Uitval 300 cm
A3: (werkelijk 225 cm) (minimale breedte 269 cm) | G3: (werkelijk 295 cm) (minimale breedte 319 cm)
A4: Meerprijs | C4: Scherm | D4: Orea | E4: Sunea | G4: Scherm | H4: Orea | I4: Sunea
A5: Trend | B5: RAL | C5: breedte | D5: WT | E5: IO | G5: breedte | H5: WT | I5: IO
A6: =B6*0.7 -> 215.95 | B6: 308.5 | C6: 269 | D6: 2087 | E6: 2131.38
A7: =B7*0.7 -> 215.95 | B7: 308.5 | C7: 300 | D7: 2121 | E7: 2165.38 | G7: 319 | H7: 2330 | I7: 2374.38 | L7: =50-(50/1.061/1.03/1.04) -> 6.0069516
A8: =B8*0.7 -> 241.47031 | B8: 344.95759 | C8: 350 | D8: 2292 | E8: 2336.38 | G8: 350 | H8: 2430 | I8: 2474.38
A9: =B9*0.7 -> 241.47031 | B9: 344.95759 | C9: 400 | D9: 2402 | E9: 2446.38 | G9: 400 | H9: 2527 | I9: 2571.38
A10: =B10*0.7 -> 263.90198 | B10: 377.00283 | C10: 450 | D10: 2517 | E10: 2561.38 | G10: 450 | H10: 2656 | I10: 2700.38
A11: =B11*0.7 -> 263.90198 | B11: 377.00283 | C11: 500 | D11: 2681 | E11: 2725.38 | G11: 500 | H11: 2857 | I11: 2901.38
A12: =B12*0.7 -> 290.29218 | B12: 414.70311 | C12: 550 | D12: 2794 | E12: 2838.38 | G12: 550 | H12: 2992 | I12: 3036.38
A13: =B13*0.7 -> 290.29218 | B13: 414.70311 | C13: 600 | D13: 2921 | E13: 2965.38 | L13: -2
A15: Veelgekozen opties
A16: Situo 1 io handzender | F16: 70
A17: Verlengde 2-delige muursteun 50 cm per stuk | F17: 69
A18: Verlengde 2-delige muursteun 80 cm per stuk | F18: 96
A19: 7 cm lage steun per stuk | F19: 0
A20: Brede steun per stuk | F20: 70
A21: Minderprijzen
A22: 150 cm uitval -/- | E22: -165
A23: 200 cm uitval -/- | E23: -147
A24: Draaistangbediening -/- | E24: -275
A25: Orea WT | E25: -47

Sheet Suneye
A1: SunEye
C2: Uitval 250 cm | G2: Uitval 300 cm
C3: (werkelijk 245 cm) (minimale breedte 269 cm) | G3: (werkelijk 295 cm) (minimale breedte 319 cm)
A4: Meerprijs | C4: Scherm | D4: Sunea | G4: Scherm | H4: Sunea
A5: Trend | B5: RAL | C5: breedte | D5: IO | G5: breedte | H5: IO
A6: =(('Suneye (2)'!A6/(1+Korting!$B$3)*(1-Korting!$B$2)*Prijsmutaties!$C$9))/1.02/1.055+1 -> 199.72686 | B6: =(('Suneye (2)'!B6/(1+Korting!$B$3)*(1-Korting!$B$2)*Prijsmutaties!$C$9))/1.02/1.055 -> 283.89551 | C6: 269 | D6: =(('Suneye (2)'!E6/(1+Korting!$B$3)*(1-Korting!$B$2)*Prijsmutaties!$C$9)) -> 2110.6531
A7: =(('Suneye (2)'!A7/(1+Korting!$B$3)*(1-Korting!$B$2)*Prijsmutaties!$C$9))/1.02/1.055+1 -> 199.72686 | B7: =(('Suneye (2)'!B7/(1+Korting!$B$3)*(1-Korting!$B$2)*Prijsmutaties!$C$9))/1.02/1.055 -> 283.89551 | C7: 300 | D7: =(('Suneye (2)'!E7/(1+Korting!$B$3)*(1-Korting!$B$2)*Prijsmutaties!$C$9)) -> 2144.3225 | G7: 319 | H7: =(('Suneye (2)'!I7/(1+Korting!$B$3)*(1-Korting!$B$2)*Prijsmutaties!$C$9)) -> 2351.2901
A8: =(('Suneye (2)'!A8/(1+Korting!$B$3)*(1-Korting!$B$2)*Prijsmutaties!$C$9))/1.02/1.055 -> 222.21179 | B8: =(('Suneye (2)'!B8/(1+Korting!$B$3)*(1-Korting!$B$2)*Prijsmutaties!$C$9))/1.02/1.055 -> 317.44541 | C8: 350 | D8: =(('Suneye (2)'!E8/(1+Korting!$B$3)*(1-Korting!$B$2)*Prijsmutaties!$C$9)) -> 2313.6596 | G8: 350 | H8: =(('Suneye (2)'!I8/(1+Korting!$B$3)*(1-Korting!$B$2)*Prijsmutaties!$C$9)) -> 2450.3176
A9: =(('Suneye (2)'!A9/(1+Korting!$B$3)*(1-Korting!$B$2)*Prijsmutaties!$C$9))/1.02/1.055 -> 222.21179 | B9: =(('Suneye (2)'!B9/(1+Korting!$B$3)*(1-Korting!$B$2)*Prijsmutaties!$C$9))/1.02/1.055 -> 317.44541 | C9: 400 | D9: =(('Suneye (2)'!E9/(1+Korting!$B$3)*(1-Korting!$B$2)*Prijsmutaties!$C$9)) -> 2422.5899 | G9: 400 | H9: =(('Suneye (2)'!I9/(1+Korting!$B$3)*(1-Korting!$B$2)*Prijsmutaties!$C$9)) -> 2546.3743
A10: =(('Suneye (2)'!A10/(1+Korting!$B$3)*(1-Korting!$B$2)*Prijsmutaties!$C$9))/1.02/1.055 -> 242.85441 | B10: =(('Suneye (2)'!B10/(1+Korting!$B$3)*(1-Korting!$B$2)*Prijsmutaties!$C$9))/1.02/1.055-1 -> 345.93488 | C10: 450 | D10: =(('Suneye (2)'!E10/(1+Korting!$B$3)*(1-Korting!$B$2)*Prijsmutaties!$C$9)) -> 2536.4716 | G10: 450 | H10: =(('Suneye (2)'!I10/(1+Korting!$B$3)*(1-Korting!$B$2)*Prijsmutaties!$C$9)) -> 2674.1198
A11: =(('Suneye (2)'!A11/(1+Korting!$B$3)*(1-Korting!$B$2)*Prijsmutaties!$C$9))/1.02/1.055 -> 242.85441 | B11: =(('Suneye (2)'!B11/(1+Korting!$B$3)*(1-Korting!$B$2)*Prijsmutaties!$C$9))/1.02/1.055-1 -> 345.93488 | C11: 500 | D11: =(('Suneye (2)'!E11/(1+Korting!$B$3)*(1-Korting!$B$2)*Prijsmutaties!$C$9)) -> 2698.8767 | G11: 500 | H11: =(('Suneye (2)'!I11/(1+Korting!$B$3)*(1-Korting!$B$2)*Prijsmutaties!$C$9)) -> 2873.1652
A12: =(('Suneye (2)'!A12/(1+Korting!$B$3)*(1-Korting!$B$2)*Prijsmutaties!$C$9))/1.02/1.055 -> 267.13985 | B12: =(('Suneye (2)'!B12/(1+Korting!$B$3)*(1-Korting!$B$2)*Prijsmutaties!$C$9))/1.02/1.055 -> 381.62836 | C12: 550 | D12: =(('Suneye (2)'!E12/(1+Korting!$B$3)*(1-Korting!$B$2)*Prijsmutaties!$C$9)) -> 2810.7778 | G12: 550 | H12: =(('Suneye (2)'!I12/(1+Korting!$B$3)*(1-Korting!$B$2)*Prijsmutaties!$C$9)) -> 3006.8524
A13: =(('Suneye (2)'!A13/(1+Korting!$B$3)*(1-Korting!$B$2)*Prijsmutaties!$C$9))/1.02/1.055 -> 267.13985 | B13: =(('Suneye (2)'!B13/(1+Korting!$B$3)*(1-Korting!$B$2)*Prijsmutaties!$C$9))/1.02/1.055 -> 381.62836 | C13: 600 | D13: =(('Suneye (2)'!E13/(1+Korting!$B$3)*(1-Korting!$B$2)*Prijsmutaties!$C$9)) -> 2936.5428
A15: Veelgekozen opties
A16: Situo 1 io handzender | F16: =(('Suneye (2)'!F16/(1+Korting!$B$3)*(1-Korting!$B$2)*Prijsmutaties!$G$9)) -> 63.094529
A17: Verlengde 2-delige muursteun 50 cm per stuk | F17: =(('Suneye (2)'!F17/(1+Korting!$B$3)*(1-Korting!$B$2)*Prijsmutaties!$G$9)) -> 62.193179
A18: Verlengde 2-delige muursteun 80 cm per stuk | F18: =(('Suneye (2)'!F18/(1+Korting!$B$3)*(1-Korting!$B$2)*Prijsmutaties!$G$9)) -> 86.52964
A19: 07 cm lage steun per stuk | F19: =(('Suneye (2)'!F19/(1+Korting!$B$3)*(1-Korting!$B$2)*Prijsmutaties!$G$9)) -> 0
A20: Brede steun per stuk | F20: =(('Suneye (2)'!F20/(1+Korting!$B$3)*(1-Korting!$B$2)*Prijsmutaties!$G$9)) -> 63.094529
A21: Minderprijzen
A22: 150 cm uitval* | E22: =(('Suneye (2)'!E22/(1+Korting!$B$3)*(1-Korting!$B$2)*Prijsmutaties!$G$9)) -> -148.72282
A23: 200 cm uitval* | E23: =(('Suneye (2)'!E23/(1+Korting!$B$3)*(1-Korting!$B$2)*Prijsmutaties!$G$9)) -> -132.49851
A24: Draaistangbediening | E24: =(('Suneye (2)'!E24/(1+Korting!$B$3)*(1-Korting!$B$2)*Prijsmutaties!$G$9)) -> -247.87136
A25: Orea WT | E25: =(('Suneye (2)'!E25/(1+Korting!$B$3)*(1-Korting!$B$2)*Prijsmutaties!$G$9)) -> -42.363469
A26: * = berekening minimale breedte = uitval + 19 cm.

Sheet Suneye XL (2)
A1: SunEye XL
B2: Uitval 250 Uitval 300 Uitval 350
A3: (werkelijk 245 cm) (minimale breedte 299 cm) | H3: (werkelijk 295 cm) (minimale breedte 349 cm) | L3: (werkelijk 345 cm) (minimale breedte 401 cm)
B4: Meerprijs | D4: Scherm | F4: Sunea | H4: Scherm | J4: Sunea | L4: Scherm | O4: Sunea
B5: Trend | C5: RAL | D5: breedte | F5: IO | H5: breedte | J5: IO | L5: breedte | O5: IO
B6: =C6*0.7 -> 312.72385 | C6: 446.74835 | D6: 300 | F6: 2700.6254
B7: =C7*0.7 -> 340.43355 | C7: 486.33365 | D7: 350 | F7: 2800.6254 | H7: 350 | J7: 2947.6254
B8: =C8*0.7 -> 369.46277 | C8: 527.80396 | D8: 400 | F8: 3024.6254 | H8: 400 | J8: 3186.6254
B9: =C9*0.7 -> 395.85297 | C9: 565.50424 | D9: 450 | F9: 3123.6254 | H9: 450 | J9: 3286.6254 | L9: 450 | O9: 3393.6254
B10: =C10*0.7 -> 423.56268 | C10: 605.08954 | D10: 500 | F10: 3353.6254 | H10: 500 | J10: 3517.6254 | L10: 500 | O10: 3617.0254
B11: =C11*0.7 -> 452.59189 | C11: 646.55985 | D11: 550 | F11: 3626.6254 | H11: 550 | J11: 3745.6254 | L11: 550 | O11: 3867.6254
B12: =C12*0.7 -> 479.64185 | C12: 685.20264 | D12: 600 | F12: 3844.6254 | H12: 600 | J12: 3964.6254 | L12: 600 | O12: 4058.3525
B13: =C13*0.7 -> 568.04901 | C13: 811.49859 | D13: 650 | F13: 5054.6254 | H13: 650 | J13: 4853.6254 | L13: 650 | O13: 4969.6851
B14: =C14*0.7 -> 599.05749 | C14: 855.79642 | D14: 700 | F14: 5263.6254 | H14: 700 | J14: 4897.6254 | L14: 700 | O14: 5044.3125
B15: =C15*0.7 -> 622.14892 | C15: 888.78417 | D15: 745 | F15: 5474.6254 | H15: 745 | J15: 5694.6254 | L15: 745 | O15: 5293.0254
B17: Veelgekozen opties | H17: Minderprijzen
H18: 150 cm uitval* -/- | O18: -165
B19: Orea WT | F19: -46.8 | H19: 200 cm uitval* -/- | O19: -147 | Q19: -1.5
B20: Situo 1 io handzender | F20: 70
H21: * = berekening minimale breedte = uitval + 19 cm.
B22: Extra muursteun per stuk | F22: 81.5
B23: Extra plafondsteun per stuk | F23: 81.5

Sheet Suneye XL
A1: SunEye XL
B2: Uitval 250 Uitval 300 Uitval 350
A3: (werkelijk 245 cm) (minimale breedte 299 cm) | H3: (werkelijk 295 cm) (minimale breedte 349 cm) | L3: (werkelijk 345 cm) (minimale breedte 401 cm)
B4: Meerprijs | D4: Scherm | E4: Sunea | H4: Scherm | I4: Sunea | L4: Scherm | N4: Sunea
B5: Trend | C5: RAL | D5: breedte | E5: IO | H5: breedte | I5: IO | L5: breedte | N5: IO
B6: =(('Suneye XL (2)'!B6/(1+Korting!$B$3)*(1-Korting!$B$2)*Prijsmutaties!$H$9))/1.02/1.055 -> 290.60388 | C6: =(('Suneye XL (2)'!C6/(1+Korting!$B$3)*(1-Korting!$B$2)*Prijsmutaties!$H$9))/1.02/1.055 -> 415.1484 | D6: 300 | E6: =(('Suneye XL (2)'!F6/(1+Korting!$B$3)*(1-Korting!$B$2)*Prijsmutaties!$H$9))-1-1 -> 2698.5821
B7: =(('Suneye XL (2)'!B7/(1+Korting!$B$3)*(1-Korting!$B$2)*Prijsmutaties!$H$9))/1.02/1.055 -> 316.35359 | C7: =(('Suneye XL (2)'!C7/(1+Korting!$B$3)*(1-Korting!$B$2)*Prijsmutaties!$H$9))/1.02/1.055 -> 451.9337 | D7: 350 | E7: =(('Suneye XL (2)'!F7/(1+Korting!$B$3)*(1-Korting!$B$2)*Prijsmutaties!$H$9))-1-1 -> 2798.5805 | H7: 350 | I7: =(('Suneye XL (2)'!J7/(1+Korting!$B$3)*(1-Korting!$B$2)*Prijsmutaties!$H$9))-2 -> 2945.5781
B8: =(('Suneye XL (2)'!B8/(1+Korting!$B$3)*(1-Korting!$B$2)*Prijsmutaties!$H$9))/1.02/1.055 -> 343.32947 | C8: =(('Suneye XL (2)'!C8/(1+Korting!$B$3)*(1-Korting!$B$2)*Prijsmutaties!$H$9))/1.02/1.055 -> 490.47068 | D8: 400 | E8: =(('Suneye XL (2)'!F8/(1+Korting!$B$3)*(1-Korting!$B$2)*Prijsmutaties!$H$9))-1-1 -> 3022.5769 | H8: 400 | I8: =(('Suneye XL (2)'!J8/(1+Korting!$B$3)*(1-Korting!$B$2)*Prijsmutaties!$H$9))-2 -> 3184.5743
B9: =(('Suneye XL (2)'!B9/(1+Korting!$B$3)*(1-Korting!$B$2)*Prijsmutaties!$H$9))/1.02/1.055 -> 367.85301 | C9: =(('Suneye XL (2)'!C9/(1+Korting!$B$3)*(1-Korting!$B$2)*Prijsmutaties!$H$9))/1.02/1.055 -> 525.5043 | D9: 450 | E9: =(('Suneye XL (2)'!F9/(1+Korting!$B$3)*(1-Korting!$B$2)*Prijsmutaties!$H$9))-1-1 -> 3121.5753 | H9: 450 | I9: =(('Suneye XL (2)'!J9/(1+Korting!$B$3)*(1-Korting!$B$2)*Prijsmutaties!$H$9))-2 -> 3284.5727 | L9: 450 | N9: =(('Suneye XL (2)'!O9/(1+Korting!$B$3)*(1-Korting!$B$2)*Prijsmutaties!$H$9))-1 -> 3392.5709
B10: =(('Suneye XL (2)'!B10/(1+Korting!$B$3)*(1-Korting!$B$2)*Prijsmutaties!$H$9))/1.02/1.055 -> 393.60272 | C10: =(('Suneye XL (2)'!C10/(1+Korting!$B$3)*(1-Korting!$B$2)*Prijsmutaties!$H$9))/1.02/1.055 -> 562.2896 | D10: 500 | E10: =(('Suneye XL (2)'!F10/(1+Korting!$B$3)*(1-Korting!$B$2)*Prijsmutaties!$H$9))-1-1 -> 3351.5716 | H10: 500 | I10: =(('Suneye XL (2)'!J10/(1+Korting!$B$3)*(1-Korting!$B$2)*Prijsmutaties!$H$9))-2 -> 3515.569 | L10: 500 | N10: =(('Suneye XL (2)'!O10/(1+Korting!$B$3)*(1-Korting!$B$2)*Prijsmutaties!$H$9))-1 -> 3615.9674
B11: =(('Suneye XL (2)'!B11/(1+Korting!$B$3)*(1-Korting!$B$2)*Prijsmutaties!$H$9))/1.02/1.055 -> 420.57861 | C11: =(('Suneye XL (2)'!C11/(1+Korting!$B$3)*(1-Korting!$B$2)*Prijsmutaties!$H$9))/1.02/1.055 -> 600.82658 | D11: 550 | E11: =(('Suneye XL (2)'!F11/(1+Korting!$B$3)*(1-Korting!$B$2)*Prijsmutaties!$H$9))-1-1 -> 3624.5672 | H11: 550 | I11: =(('Suneye XL (2)'!J11/(1+Korting!$B$3)*(1-Korting!$B$2)*Prijsmutaties!$H$9))-2 -> 3743.5653 | L11: 550 | N11: =(('Suneye XL (2)'!O11/(1+Korting!$B$3)*(1-Korting!$B$2)*Prijsmutaties!$H$9))-1 -> 3866.5633
B12: =(('Suneye XL (2)'!B12/(1+Korting!$B$3)*(1-Korting!$B$2)*Prijsmutaties!$H$9))/1.02/1.055 -> 445.71523 | C12: =(('Suneye XL (2)'!C12/(1+Korting!$B$3)*(1-Korting!$B$2)*Prijsmutaties!$H$9))/1.02/1.055 -> 636.73604 | D12: 600 | E12: =(('Suneye XL (2)'!F12/(1+Korting!$B$3)*(1-Korting!$B$2)*Prijsmutaties!$H$9))-1 -> 3843.5637 | H12: 600 | I12: =(('Suneye XL (2)'!J12/(1+Korting!$B$3)*(1-Korting!$B$2)*Prijsmutaties!$H$9))-2 -> 3962.5618 | L12: 600 | N12: =(('Suneye XL (2)'!O12/(1+Korting!$B$3)*(1-Korting!$B$2)*Prijsmutaties!$H$9))-2 -> 4056.2875
B13: =(('Suneye XL (2)'!B13/(1+Korting!$B$3)*(1-Korting!$B$2)*Prijsmutaties!$H$9))/1.02/1.055 -> 527.86907 | C13: =(('Suneye XL (2)'!C13/(1+Korting!$B$3)*(1-Korting!$B$2)*Prijsmutaties!$H$9))/1.02/1.055 -> 754.09867 | D13: 650 | E13: =(('Suneye XL (2)'!F13/(1+Korting!$B$3)*(1-Korting!$B$2)*Prijsmutaties!$H$9))-1 -> 5053.5443 | H13: 650 | I13: =(('Suneye XL (2)'!J13/(1+Korting!$B$3)*(1-Korting!$B$2)*Prijsmutaties!$H$9))-2 -> 4851.5475 | L13: 650 | N13: =(('Suneye XL (2)'!O13/(1+Korting!$B$3)*(1-Korting!$B$2)*Prijsmutaties!$H$9))-1 -> 4968.6054
B14: =(('Suneye XL (2)'!B14/(1+Korting!$B$3)*(1-Korting!$B$2)*Prijsmutaties!$H$9))/1.02/1.055 -> 556.68422 | C14: =(('Suneye XL (2)'!C14/(1+Korting!$B$3)*(1-Korting!$B$2)*Prijsmutaties!$H$9))/1.02/1.055 -> 795.26317 | D14: 700 | E14: =(('Suneye XL (2)'!F14/(1+Korting!$B$3)*(1-Korting!$B$2)*Prijsmutaties!$H$9))-1 -> 5262.541 | H14: 700 | I14: =(('Suneye XL (2)'!J14/(1+Korting!$B$3)*(1-Korting!$B$2)*Prijsmutaties!$H$9))-1 -> 4896.5468 | L14: 700 | N14: =(('Suneye XL (2)'!O14/(1+Korting!$B$3)*(1-Korting!$B$2)*Prijsmutaties!$H$9))-1 -> 5043.2317
B15: =(('Suneye XL (2)'!B15/(1+Korting!$B$3)*(1-Korting!$B$2)*Prijsmutaties!$H$9))/1.02/1.055 -> 578.14231 | C15: =(('Suneye XL (2)'!C15/(1+Korting!$B$3)*(1-Korting!$B$2)*Prijsmutaties!$H$9))/1.02/1.055 -> 825.91759 | D15: 745 | E15: =(('Suneye XL (2)'!F15/(1+Korting!$B$3)*(1-Korting!$B$2)*Prijsmutaties!$H$9))-1 -> 5473.5376 | H15: 745 | I15: =(('Suneye XL (2)'!J15/(1+Korting!$B$3)*(1-Korting!$B$2)*Prijsmutaties!$H$9))-1 -> 5693.5341 | L15: 745 | N15: =(('Suneye XL (2)'!O15/(1+Korting!$B$3)*(1-Korting!$B$2)*Prijsmutaties!$H$9))+1 -> 5293.9405
B17: Veelgekozen opties | H17: Minderprijzen
B18: Orea WT | F18: =(('Suneye XL (2)'!F19/(1+Korting!$B$3)*(1-Korting!$B$2)*Prijsmutaties!$G$9)) -> -42.183199 | H18: 150 cm uitval* -/- | O18: =(('Suneye XL (2)'!O18/(1+Korting!$B$3)*(1-Korting!$B$2)*Prijsmutaties!$G$9)) -> -148.72282
B19: Situo 1 io handzender | F19: =(('Suneye XL (2)'!F20/(1+Korting!$B$3)*(1-Korting!$B$2)*Prijsmutaties!$G$9)) -> 63.094529 | H19: 200 cm uitval* -/- | O19: =(('Suneye XL (2)'!O19/(1+Korting!$B$3)*(1-Korting!$B$2)*Prijsmutaties!$G$9)) -> -132.49851
B20: Extra muursteun per stuk | F20: =(('Suneye XL (2)'!F22/(1+Korting!$B$3)*(1-Korting!$B$2)*Prijsmutaties!$G$9)) -> 73.460059 | H20: * = berekening minimale breedte = uitval + 49 cm.
B21: Extra plafondsteun per stuk | F21: =(('Suneye XL (2)'!F23/(1+Korting!$B$3)*(1-Korting!$B$2)*Prijsmutaties!$G$9)) -> 73.460059

Sheet SunElite 2
A1: SunElite
B2: Uitval 250 Uitval 300 Uitval 350
A3: (werkelijk 245 cm) (minimale breedte 299 cm) | H3: (werkelijk 295 cm) (minimale breedte 349 cm) | L3: (werkelijk 345 cm) (minimale breedte 401 cm)
B4: Meerprijs | D4: Scherm | E4: Sunea | H4: Scherm | I4: Sunea | L4: Scherm | N4: Sunea
B5: Trend | C5: RAL | D5: breedte | E5: IO | H5: breedte | I5: IO | L5: breedte | N5: IO | S5: 3157 | T5: 3417 | U5: =T5-S5 -> 260 | V5: =U5/T5 -> 0.076090138
B6: =C6*0.7 -> 215.95 | C6: 308.5 | D6: 315 | E6: 3157 | V6: =1-V5 -> 0.92390986
B7: =C7*0.7 -> 215.95 | C7: 308.5 | D7: 350 | E7: 3170.8586 | H7: 365 | I7: 3522.8683 | Y7: =Z7*$V$6 -> 0
B8: =C8*0.7 -> 241.47031 | C8: 344.95759 | D8: 400 | E8: 3255.8584 | H8: 400 | I8: 3522.8683 | L8: 415 | N8: 4170.8529 | Y8: =Z8*$V$6 -> 4170.5291 | Z8: 4514
B9: =C9*0.7 -> 241.47031 | C9: 344.95759 | D9: 450 | E9: 3648.52 | H9: 450 | I9: 3926.8169 | L9: 450 | N9: 4180.9692 | Y9: =Z9*$V$6 -> 4180.6921 | Z9: 4525
B10: =C10*0.7 -> 263.90198 | C10: 377.00283 | D10: 500 | E10: 3736.8291 | H10: 500 | I10: 4028.8247 | L10: 500 | N10: 4295.8257 | Y10: =Z10*$V$6 -> 4295.257 | Z10: 4649
B11: =C11*0.7 -> 263.90198 | C11: 377.00283 | D11: 550 | E11: 4126.8181 | H11: 550 | I11: 4417.8213 | L11: 550 | N11: 4685.8147 | Y11: =Z11*$V$6 -> 4685.1469 | Z11: 5071
B12: =C12*0.7 -> 290.29218 | C12: 414.70311 | D12: 600 | E12: 4217.9649 | H12: 600 | I12: 4518.9843 | L12: 600 | N12: 4800.9636 | Y12: =Z12*$V$6 -> 4800.6356 | Z12: 5196
B14: Veelgekozen opties | H14: Minderprijzen
H15: 150 cm uitval* -/- | O15: -169
B16: Orea WT | F16: -46.8 | H16: 200 cm uitval* -/- | O16: -150
B17: Situo 1 io handzender | F17: 70
H18: * = berekening minimale breedte = uitval + 19 cm.
B19: Led Verlichting io 2 kanalen (kleur en wit) | F19: 687
B20: Handzender Situo 5 A/M Var | F20: 109

Sheet SunElite
B1: SunElite
B2: Uitval 250 Uitval 300 Uitval 350
A3: (werkelijk 245 cm) (minimale breedte 315 cm) | H3: (werkelijk 295 cm) (minimale breedte 365 cm) | L3: (werkelijk 345 cm) (minimale breedte 415 cm)
B4: Meerprijs | D4: Scherm | E4: Sunea | H4: Scherm | I4: Sunea | L4: Scherm | M4: Sunea
B5: Trend | C5: RAL | D5: breedte | E5: IO | H5: breedte | I5: IO | L5: breedte | M5: IO
B6: =(('SunElite 2'!B6/(1+Korting!$B$3)*(1-Korting!$B$2)*Prijsmutaties!$C$9)/1.076) -> 198.74532 | C6: =(('SunElite 2'!C6/(1+Korting!$B$3)*(1-Korting!$B$2)*Prijsmutaties!$C$9)/1.076) -> 283.92189 | D6: 315 | E6: =(('SunElite 2'!E6/(1+Korting!$B$3)*(1-Korting!$B$2)*Prijsmutaties!$I$9))+1 -> 2759.4995
B7: =(('SunElite 2'!B7/(1+Korting!$B$3)*(1-Korting!$B$2)*Prijsmutaties!$C$9)/1.076) -> 198.74532 | C7: =(('SunElite 2'!C7/(1+Korting!$B$3)*(1-Korting!$B$2)*Prijsmutaties!$C$9)/1.076) -> 283.92189 | D7: 350 | E7: =(('SunElite 2'!E7/(1+Korting!$B$3)*(1-Korting!$B$2)*Prijsmutaties!$I$9))+1 -> 2771.6088 | H7: 365 | I7: =(('SunElite 2'!I7/(1+Korting!$B$3)*(1-Korting!$B$2)*Prijsmutaties!$I$9))+1 -> 3079.1851
B8: =(('SunElite 2'!B8/(1+Korting!$B$3)*(1-Korting!$B$2)*Prijsmutaties!$C$9)/1.076) -> 222.23244 | C8: =(('SunElite 2'!C8/(1+Korting!$B$3)*(1-Korting!$B$2)*Prijsmutaties!$C$9)/1.076) -> 317.47491 | D8: 400 | E8: =(('SunElite 2'!E8/(1+Korting!$B$3)*(1-Korting!$B$2)*Prijsmutaties!$I$9))+1 -> 2845.8792 | H8: 400 | I8: =(('SunElite 2'!I8/(1+Korting!$B$3)*(1-Korting!$B$2)*Prijsmutaties!$I$9))+1 -> 3079.1851 | L8: 415 | M8: =(('SunElite 2'!N8/(1+Korting!$B$3)*(1-Korting!$B$2)*Prijsmutaties!$I$9)) -> 3644.3762
B9: =(('SunElite 2'!B9/(1+Korting!$B$3)*(1-Korting!$B$2)*Prijsmutaties!$C$9)/1.076) -> 222.23244 | C9: =(('SunElite 2'!C9/(1+Korting!$B$3)*(1-Korting!$B$2)*Prijsmutaties!$C$9)/1.076) -> 317.47491 | D9: 450 | E9: =(('SunElite 2'!E9/(1+Korting!$B$3)*(1-Korting!$B$2)*Prijsmutaties!$I$9))+1 -> 3188.9761 | H9: 450 | I9: =(('SunElite 2'!I9/(1+Korting!$B$3)*(1-Korting!$B$2)*Prijsmutaties!$I$9)) -> 3431.1442 | L9: 450 | M9: =(('SunElite 2'!N9/(1+Korting!$B$3)*(1-Korting!$B$2)*Prijsmutaties!$I$9)) -> 3653.2155
B10: =(('SunElite 2'!B10/(1+Korting!$B$3)*(1-Korting!$B$2)*Prijsmutaties!$C$9)/1.076) -> 242.87698 | C10: =(('SunElite 2'!C10/(1+Korting!$B$3)*(1-Korting!$B$2)*Prijsmutaties!$C$9)/1.076) -> 346.96712 | D10: 500 | E10: =(('SunElite 2'!E10/(1+Korting!$B$3)*(1-Korting!$B$2)*Prijsmutaties!$I$9)) -> 3265.1382 | H10: 500 | I10: =(('SunElite 2'!I10/(1+Korting!$B$3)*(1-Korting!$B$2)*Prijsmutaties!$I$9)) -> 3520.2758 | L10: 500 | M10: =(('SunElite 2'!N10/(1+Korting!$B$3)*(1-Korting!$B$2)*Prijsmutaties!$I$9)) -> 3753.5739
B11: =(('SunElite 2'!B11/(1+Korting!$B$3)*(1-Korting!$B$2)*Prijsmutaties!$C$9)/1.076) -> 242.87698 | C11: =(('SunElite 2'!C11/(1+Korting!$B$3)*(1-Korting!$B$2)*Prijsmutaties!$C$9)/1.076) -> 346.96712 | D11: 550 | E11: =(('SunElite 2'!E11/(1+Korting!$B$3)*(1-Korting!$B$2)*Prijsmutaties!$I$9)) -> 3605.8998 | H11: 550 | I11: =(('SunElite 2'!I11/(1+Korting!$B$3)*(1-Korting!$B$2)*Prijsmutaties!$I$9)) -> 3860.1703 | L11: 550 | M11: =(('SunElite 2'!N11/(1+Korting!$B$3)*(1-Korting!$B$2)*Prijsmutaties!$I$9)) -> 4094.3355
B12: =(('SunElite 2'!B12/(1+Korting!$B$3)*(1-Korting!$B$2)*Prijsmutaties!$C$9)/1.076) -> 267.16468 | C12: =(('SunElite 2'!C12/(1+Korting!$B$3)*(1-Korting!$B$2)*Prijsmutaties!$C$9)/1.076) -> 381.66383 | D12: 600 | E12: =(('SunElite 2'!E12/(1+Korting!$B$3)*(1-Korting!$B$2)*Prijsmutaties!$I$9)) -> 3685.5413 | H12: 600 | I12: =(('SunElite 2'!I12/(1+Korting!$B$3)*(1-Korting!$B$2)*Prijsmutaties!$I$9))+1 -> 3949.5638 | L12: 600 | M12: =(('SunElite 2'!N12/(1+Korting!$B$3)*(1-Korting!$B$2)*Prijsmutaties!$I$9)) -> 4194.9494
B14: Veelgekozen opties
B15: Orea WT | F15: =(('SunElite 2'!F16/(1+Korting!$B$3)*(1-Korting!$B$2)*Prijsmutaties!$G$9)) -> -42.183199
B16: Situo 1 io handzender | F16: =(('SunElite 2'!F17/(1+Korting!$B$3)*(1-Korting!$B$2)*Prijsmutaties!$G$9)) -> 63.094529
B17: Led Verlichting io 2 kanalen (kleur en wit) | F17: =(('SunElite 2'!F19/(1+Korting!$B$3)*(1-Korting!$B$2)*Prijsmutaties!$G$9)) -> 619.22773
B18: Handzender Situo 5 A/M Var | F18: =(('SunElite 2'!F20/(1+Korting!$B$3)*(1-Korting!$B$2)*Prijsmutaties!$G$9)) -> 98.247195
B20: * = berekening minimale breedte = uitval + 65 cm.

Sheet Optie Knik (2)
A1: Opties en accessoires knikarmen
A2: Meerprijzen montage opties | E2: Hirschmann spatwaterdicht
A3: Verlengde 2-delige muursteun 50 cm per stuk | C3: 69 | E3: Aangelast motordeel LT/WT (30 cm snoer) | F3: 40
A4: Verlengde 2-delige muursteun 80 cm per stuk | C4: 96 | E4: Aangelast motordeel io (30 cm snoer) | F4: 45
A5: Hoeklijn 100 x 64 x 8 (TNA/9001) per m1* | C5: 96 | E5: Motordeel STAK3 | F5: 18
A6: Hoeklijn 100 x 64 x 8 (moffel) per m1* | C6: 115 | E6: Hirschmannstekker contradeel installatiedeel 300 cm snoer | F6: 54
A7: * Minimale afname 1 m1 | E7: Hirschmannstekker contradeel installatiedeel 500 cm snoer | F7: 81
A8: Meerprijzen bediening | E8: Hirschmannstekker installatiedeel | F8: 18
A9: Situo 1 io handzender 1-kanaal | C9: 70
A10: Situo 5 io handzender 5-kanaals | C10: 107
A11: Eolis 3D sensor io | C11: 145.5 | E11: Zwarte UV-bestendige motorkabels
E12: Zwart kabelsnoer LT/ io 3 meter | F12: 36
E13: Zwart kabelsnoer LT/ io 5 meter | F13: 49.5
E14: Zwart kabelsnoer LT/io 10 meter | F14: 89
E16: Witte motorkabels
E17: 3 meter kabelsnoer LT | F17: 27
E18: 5 meter kabelsnoer LT/io | F18: 36
E19: 10 meter kabelsnoer LT/io | F19: 54

Sheet Optie Knik
A1: Opties en accessoires knikarmen
A2: Meerprijzen montage opties | E2: Hirschmann spatwaterdicht
A3: Verlengde 2-delige muursteun 50 cm per stuk | C3: =(('Optie Knik (2)'!C3/(1+Korting!$B$3)*(1-Korting!$B$2)*Prijsmutaties!$G$9)) -> 62.193179 | E3: Aangelast motordeel LT/WT (30 cm snoer) | F3: =(('Optie Knik (2)'!F3/(1+Korting!$B$3)*(1-Korting!$B$2)*Prijsmutaties!$G$9)) -> 36.054017
A4: Verlengde 2-delige muursteun 80 cm per stuk | C4: =(('Optie Knik (2)'!C4/(1+Korting!$B$3)*(1-Korting!$B$2)*Prijsmutaties!$G$9)) -> 86.52964 | E4: Aangelast motordeel io (30 cm snoer) | F4: =(('Optie Knik (2)'!F4/(1+Korting!$B$3)*(1-Korting!$B$2)*Prijsmutaties!$G$9)) -> 40.560769
A5: Hoeklijn 100 x 64 x 8 (TNA/9001) per m1* | C5: =(('Optie Knik (2)'!C5/(1+Korting!$B$3)*(1-Korting!$B$2)*Prijsmutaties!$G$9)) -> 86.52964 | E5: Motordeel STAK3 | F5: =(('Optie Knik (2)'!F5/(1+Korting!$B$3)*(1-Korting!$B$2)*Prijsmutaties!$G$9)) -> 16.224307
A6: Hoeklijn 100 x 64 x 8 (moffel) per m1* | C6: =(('Optie Knik (2)'!C6/(1+Korting!$B$3)*(1-Korting!$B$2)*Prijsmutaties!$G$9)) -> 103.6553 | E6: Hirschmannstekker contradeel installatiedeel 300 cm snoer | F6: =(('Optie Knik (2)'!F6/(1+Korting!$B$3)*(1-Korting!$B$2)*Prijsmutaties!$G$9)) -> 48.672922
A7: * Minimale afname 1 m2 | E7: Hirschmannstekker contradeel installatiedeel 500 cm snoer | F7: =(('Optie Knik (2)'!F7/(1+Korting!$B$3)*(1-Korting!$B$2)*Prijsmutaties!$G$9)) -> 73.009383
A8: Meerprijzen bediening | E8: Hirschmannstekker installatiedeel | F8: =(('Optie Knik (2)'!F8/(1+Korting!$B$3)*(1-Korting!$B$2)*Prijsmutaties!$G$9)) -> 16.224307
A9: Situo 1 io handzender 1-kanaal | C9: =(('Optie Knik (2)'!C9/(1+Korting!$B$3)*(1-Korting!$B$2)*Prijsmutaties!$G$9)) -> 63.094529
A10: Situo 5 io handzender 5-kanaals | C10: =(('Optie Knik (2)'!C10/(1+Korting!$B$3)*(1-Korting!$B$2)*Prijsmutaties!$G$9)) -> 96.444494
A11: Eolis 3D sensor io | C11: =(('Optie Knik (2)'!C11/(1+Korting!$B$3)*(1-Korting!$B$2)*Prijsmutaties!$G$9)) -> 131.14649 | E11: Zwarte UV-bestendige motorkabels
E12: 3 meter kabelsnoer | F12: =(('Optie Knik (2)'!F12/(1+Korting!$B$3)*(1-Korting!$B$2)*Prijsmutaties!$G$9)) -> 32.448615
E13: 5 meter kabelsnoer | F13: =(('Optie Knik (2)'!F13/(1+Korting!$B$3)*(1-Korting!$B$2)*Prijsmutaties!$G$9)) -> 44.616845
E14: 10 meter kabelsnoer | F14: =(('Optie Knik (2)'!F14/(1+Korting!$B$3)*(1-Korting!$B$2)*Prijsmutaties!$G$9)) -> 80.220187
E16: Witte motorkabels
E17: 3 meter kabelsnoer | F17: =(('Optie Knik (2)'!F17/(1+Korting!$B$3)*(1-Korting!$B$2)*Prijsmutaties!$G$9)) -> 24.336461
E18: 5 meter kabelsnoer | F18: =(('Optie Knik (2)'!F18/(1+Korting!$B$3)*(1-Korting!$B$2)*Prijsmutaties!$G$9)) -> 32.448615
E19: 10 meter kabelsnoer | F19: =(('Optie Knik (2)'!F19/(1+Korting!$B$3)*(1-Korting!$B$2)*Prijsmutaties!$G$9)) -> 48.672922

Sheet Zonweringsdoek (2)
A1: Zonweringsdoek
B2: Sunmaster huiscollectie | C2: Gehele collectie | D2: per m² | F2: 59.8
B3: Dickson / Para / Sattler / Swela | C3: buiten huiscollectie* | D3: per m² | E3: 9.9 | F3: 69
B4: Para Starlight blue | C4: 120 cm | D4: per m² | E4: 9.9 | F4: 69
B5: Sattler Lumera | C5: 120 cm | D5: per m² | E5: 18 | F5: 78.5
B6: Dickson Orchestra Max / Opéra | C6: 120 cm | D6: per m² | E6: 31 | F6: 82.5
B7: Uni's Infinity | D7: per m² | F7: 59.8
E8: 31 | F8: 82.5
B9: Volants (25 cm hoog)
B10: Standaard collectie | D10: per meter | E10: 33 | F10: 50.5
B11: Overige collectie | D11: per meter | E11: 46 | F11: 58
B15: Toeslag afwijkende zoom | F15: per doek | H15: 0.4
B16: Inzetten tourniquets | F16: per stuk | H16: 10
B17: Inzetten tenaxen | F17: per stuk | H17: 10
B18: Speciale modellen / trapezium | F18: per doek | H18: 0.5
B19: Coupages (rolbreedte) | F19: per m² | H19: -0.1
B20: Klikpees gestikt met Tenara | F20: per m1 | H20: 5

Sheet Zonweringsdoek
A1: Zonweringsdoek
B2: Zonweringsdoek collectie | E2: Meerprijs t.o.v. zonneschermen | F2: prijs bij los doek | H2: Toeslagen | N2: prijs bij los doek
B3: Sunmaster huiscollectie | C3: Gehele collectie | F3: =(('Zonweringsdoek (2)'!F2/(1+Korting!$B$3)*(1-Korting!$B$2)*Prijsmutaties!$E$9)) -> 56.945972 | H3: Toeslag afwijkende zoom | L3: per doek | N3: 0.4
B4: Dickson / Para / Sattler | C4: buiten huiscollectie* | D4: per m² | E4: =(('Zonweringsdoek (2)'!E3/(1+Korting!$B$3)*(1-Korting!$B$2)*Prijsmutaties!$E$9)) -> 9.4275105 | F4: =(('Zonweringsdoek (2)'!F3/(1+Korting!$B$3)*(1-Korting!$B$2)*Prijsmutaties!$E$9)) -> 65.706891 | H4: Inzetten tourniquets | L4: prijs op aanvraag
B5: Para Starlight blue | C5: 120 cm | D5: per m² | E5: =(('Zonweringsdoek (2)'!E4/(1+Korting!$B$3)*(1-Korting!$B$2)*Prijsmutaties!$E$9)) -> 9.4275105 | F5: =(('Zonweringsdoek (2)'!F4/(1+Korting!$B$3)*(1-Korting!$B$2)*Prijsmutaties!$E$9)) -> 65.706891 | H5: Inzetten tenaxen | L5: prijs op aanvraag
B6: Sattler Lumera | D6: per m² | E6: =(('Zonweringsdoek (2)'!E5/(1+Korting!$B$3)*(1-Korting!$B$2)*Prijsmutaties!$E$9)) -> 17.140928 | F6: =(('Zonweringsdoek (2)'!F5/(1+Korting!$B$3)*(1-Korting!$B$2)*Prijsmutaties!$E$9)) -> 74.753492 | H6: Speciale modellen / trapezium | L6: prijs op aanvraag
B7: Dickson Orchestra Max / Opéra | D7: per m² | E7: =(('Zonweringsdoek (2)'!E6/(1+Korting!$B$3)*(1-Korting!$B$2)*Prijsmutaties!$E$9)) -> 29.520487 | F7: =(('Zonweringsdoek (2)'!F6/(1+Korting!$B$3)*(1-Korting!$B$2)*Prijsmutaties!$E$9)) -> 78.562587
B8: Uni's Infinity | D8: per m² | F8: =(('Zonweringsdoek (2)'!F7/(1+Korting!$B$3)*(1-Korting!$B$2)*Prijsmutaties!$E$9)) -> 56.945972
B9: Swela New Light collectie | C9: 120 cm | D9: per m² | E9: =(('Zonweringsdoek (2)'!E8/(1+Korting!$B$3)*(1-Korting!$B$2)*Prijsmutaties!$E$9)) -> 29.520487 | F9: =(('Zonweringsdoek (2)'!F8/(1+Korting!$B$3)*(1-Korting!$B$2)*Prijsmutaties!$E$9)) -> 78.562587
B11: Volants (25 cm hoog)
B12: Standaard collectie | D12: per meter | E12: =(('Zonweringsdoek (2)'!E10/(1+Korting!$B$3)*(1-Korting!$B$2)*Prijsmutaties!$E$9)) -> 31.425035 | F12: =(('Zonweringsdoek (2)'!F10/(1+Korting!$B$3)*(1-Korting!$B$2)*Prijsmutaties!$E$9)) -> 48.089826
B13: Overige collectie | D13: per meter | E13: =(('Zonweringsdoek (2)'!E11/(1+Korting!$B$3)*(1-Korting!$B$2)*Prijsmutaties!$E$9)) -> 43.804594 | F13: =(('Zonweringsdoek (2)'!F11/(1+Korting!$B$3)*(1-Korting!$B$2)*Prijsmutaties!$E$9)) -> 55.23188
B15: * = Geldig voor, Para | Tempotest, Dickson | Orchestra, Swela | Elegance en Sattler | Elements
B16: betreft standaard collectie kleuren van de genoemde leveranciers.

Sheet RollBasic (2)
A1: RollBasic
A2: Motor (Somfy ilmo) | B2: H B | C2: 100 | D2: 120 | E2: 140 | F2: 160 | G2: 180 | H2: 200 | I2: 220 | J2: 240 | K2: 260 | L2: 280 | M2: 300 | N2: 320 | O2: 340 | P2: 360 | Q2: 380 | R2: 400
B3: 100 | C3: 568.57358 | D3: 591.68802 | E3: 621.27451 | F3: 650.86099 | G3: 678.59832 | H3: 710.03395 | I3: 734.99755 | J3: 760.88572 | K3: 790.4722 | L3: 818.20953 | M3: 853.34348 | N3: 881.08081 | O3: 910.66729 | P3: 940.25377 | Q3: 967.9911 | R3: 1022.5412
B4: 120 | C4: 587.98971 | D4: 621.27451 | E4: 650.86099 | F4: 682.29663 | G4: 716.506 | H4: 746.09248 | I4: 779.37727 | J4: 808.96376 | K4: 849.64517 | L4: 881.08081 | M4: 889.40201 | N4: 918.98849 | O4: 948.57497 | P4: 976.3123 | Q4: 1005.8988 | R4: 1058.5997
B5: 140 | C5: 608.33042 | D5: 644.38895 | E5: 678.59832 | F5: 714.65684 | G5: 746.09248 | H5: 779.37727 | I5: 823.757 | J5: 841.32397 | K5: 870.91045 | L5: 900.49694 | M5: 931.93257 | N5: 965.21737 | O5: 1005.8988 | P5: 1039.1836 | Q5: 1073.3929 | R5: 1126.0939 | X5: correctie ivm RS 100 in tabel
B6: 160 | C6: 634.21859 | D6: 672.12627 | E6: 710.03395 | F6: 746.09248 | G6: 782.15101 | H6: 830.22904 | I6: 847.79601 | J6: 881.08081 | K6: 917.13933 | L6: 953.19786 | M6: 997.57758 | N6: 1030.8624 | O6: 1065.0717 | P6: 1119.6218 | Q6: 1155.6803 | R6: 1216.7025 | W6: RS100 | X6: 99
B7: 180 | C7: 659.18219 | D7: 703.56191 | E7: 746.09248 | F7: 788.62305 | G7: 818.20953 | H7: 856.11721 | I7: 895.87405 | J7: 933.78173 | K7: 982.78434 | L7: 1022.5412 | M7: 1078.0158 | N7: 1117.7727 | O7: 1155.6803 | P7: 1193.588 | Q7: 1234.2694 | R7: 1298.9899 | W7: / factor= | X7: =X6/ 1.135 -> 87.22467
B8: 200 | C8: 682.29663 | D8: 726.67635 | E8: 775.67896 | F8: 808.96376 | G8: 851.49432 | H8: 894.02489 | I8: 938.40462 | J8: 986.48265 | K8: 1048.4293 | L8: 1088.1862 | M8: 1130.7168 | N8: 1175.0965 | O8: 1219.4762 | P8: 1292.5178 | Q8: 1335.0484 | R8: 1400.6934 | X8: =X6/Prijsmutaties!L9 -> 83.863286
B9: 220 | C9: 718.35515 | D9: 771.05607 | E9: 808.96376 | F9: 853.34348 | G9: 900.49694 | H9: 948.57497 | I9: 1001.2759 | J9: 1065.0717 | K9: 1113.1498 | L9: 1160.3032 | M9: 1206.5321 | N9: 1254.6102 | O9: 1343.3696 | P9: 1390.5231 | Q9: 1438.6011 | R9: 1.5 | X9: =X8-X7 -> -3.3613835
B10: 240 | C10: 741.46959 | D10: 794.17051 | E10: 836.70108 | F10: 885.70369 | G10: 933.78173 | H10: 994.80385 | I10: 1060.4489 | J10: 1111.3006 | K10: 1160.3032 | L10: 1210.2304 | M10: 1261.0822 | N10: 1316.5568 | O10: 1377.579 | P10: 1.5 | Q10: 1.5 | R10: 1.5
B11: 260 | C11: 762.73488 | D11: 808.96376 | E11: 864.43841 | F11: 917.13933 | G11: 978.16145 | H11: 1050.2785 | I11: 1101.1303 | J11: 1155.6803 | K11: 1208.3813 | L11: 1301.7636 | M11: 1349.8416 | N11: 1400.6934 | O11: 1.5 | P11: 1.5 | Q11: 1.5 | R11: 1.5 | AA11: 1.5
B12: 280 | C12: 785.84932 | D12: 830.22904 | E12: 889.40201 | F12: 944.87666 | G12: 1024.3903 | H12: 1079.865 | I12: 1134.4151 | J12: 1191.7389 | K12: 1288.8195 | L12: 1343.3696 | M12: 1398.8443 | N12: 1.5 | O12: 1.5 | P12: 1.5 | Q12: 1.5 | R12: 1.5
B14: Breedte | C14: 100 | D14: 120 | E14: 140 | F14: 160 | G14: 180 | H14: 200 | I14: 220 | J14: 240 | K14: 260 | L14: 280 | M14: 300 | N14: 320 | O14: 340 | P14: 360 | Q14: 380 | R14: 400
B15: Design onderlijst | C15: 35.038902 | D15: 36.546783 | E15: 38.054664 | F15: 39.562545 | G15: 41.070426 | H15: 42.578307 | I15: 44.086188 | J15: 45.594069 | K15: 47.10195 | L15: 48.609831 | M15: 50.117712 | N15: 51.625593 | O15: 53.133474 | P15: 54.641355 | Q15: 56.149236 | R15: 57.657117
A16: Meerprijs trendkleur en/of ronde kast: 15%. | J16: Meerprijs RAL-kleuren: 20%.
A18: Veelgekozen opties | J18: Minderprijzen
A19: Solaruitvoering met 1-kanaals handzender | I19: 179 | J19: Minderprijs bandbediening -/- | R19: -234
A20: 15-kanaals handzender t.b.v. solaruitvoering | I20: 55.5 | J20: Minderprijs LT 50 12 rpm -/- | R20: -135
A21: RS 100 io 17 rpm | I21: 91.5 | J21: Ilmo WT motor 17 rpm met draaischakelaar | R21: -90
A22: RS 100 io Solar (excl.handzender) | I22: 215 | J22: LHTF geleider | R22: 0
A23: Situo 1 io handzender | I23: 68 | J23: Koppelen RollBasic
A24: Geluidsdempende kast | I24: 35
A25: Valse vensterbank 30 x 20 x 2 per meter | I25: 17
A26: Valse vensterbank 70 x 20 x 2 per meter | I26: 26 | J26: Stap 2: Trek 60,- af van de totaalprijs van deze 2 rolluiken
J28: Stap 3: Bereken de eventuele meerprijs van 1 optionele motor

Sheet Rolluik S-42
A1: Rolluik S-42 (RS 100 io)
A2: Motor (Somfy RS 100 io) | B2: H X B | C2: 100 | D2: 120 | E2: 140 | F2: 160 | G2: 180 | H2: 200 | I2: 220 | J2: 240 | K2: 260 | L2: 280 | M2: 300 | N2: 320 | O2: 340 | P2: 360 | Q2: 380 | R2: 400
B3: 100 | C3: =(('RollBasic (2)'!C3/(1+Korting!$B$3)*(1-Korting!$B$2)*Prijsmutaties!$D$9)) -> 566.29205 | D3: =(('RollBasic (2)'!D3/(1+Korting!$B$3)*(1-Korting!$B$2)*Prijsmutaties!$D$9)) -> 589.31374 | E3: =(('RollBasic (2)'!E3/(1+Korting!$B$3)*(1-Korting!$B$2)*Prijsmutaties!$D$9)) -> 618.7815 | F3: =(('RollBasic (2)'!F3/(1+Korting!$B$3)*(1-Korting!$B$2)*Prijsmutaties!$D$9)) -> 648.24926 | G3: =(('RollBasic (2)'!G3/(1+Korting!$B$3)*(1-Korting!$B$2)*Prijsmutaties!$D$9)) -> 675.87529 | H3: =(('RollBasic (2)'!H3/(1+Korting!$B$3)*(1-Korting!$B$2)*Prijsmutaties!$D$9)) -> 707.18478 | I3: =(('RollBasic (2)'!I3/(1+Korting!$B$3)*(1-Korting!$B$2)*Prijsmutaties!$D$9)) -> 732.0482 | J3: =(('RollBasic (2)'!J3/(1+Korting!$B$3)*(1-Korting!$B$2)*Prijsmutaties!$D$9)) -> 757.83249 | ... R3: =(('RollBasic (2)'!R3/(1+Korting!$B$3)*(1-Korting!$B$2)*Prijsmutaties!$D$9)) -> 1018.438
B4: 120 | C4: =(('RollBasic (2)'!C4/(1+Korting!$B$3)*(1-Korting!$B$2)*Prijsmutaties!$D$9)) -> 585.63027 | D4: =(('RollBasic (2)'!D4/(1+Korting!$B$3)*(1-Korting!$B$2)*Prijsmutaties!$D$9)) -> 618.7815 | E4: =(('RollBasic (2)'!E4/(1+Korting!$B$3)*(1-Korting!$B$2)*Prijsmutaties!$D$9)) -> 648.24926 | F4: =(('RollBasic (2)'!F4/(1+Korting!$B$3)*(1-Korting!$B$2)*Prijsmutaties!$D$9)) -> 679.55876 | G4: =(('RollBasic (2)'!G4/(1+Korting!$B$3)*(1-Korting!$B$2)*Prijsmutaties!$D$9)) -> 713.63085 | H4: =(('RollBasic (2)'!H4/(1+Korting!$B$3)*(1-Korting!$B$2)*Prijsmutaties!$D$9)) -> 743.09861 | I4: =(('RollBasic (2)'!I4/(1+Korting!$B$3)*(1-Korting!$B$2)*Prijsmutaties!$D$9)) -> 776.24984 | J4: =(('RollBasic (2)'!J4/(1+Korting!$B$3)*(1-Korting!$B$2)*Prijsmutaties!$D$9)) -> 805.71761 | ... R4: =(('RollBasic (2)'!R4/(1+Korting!$B$3)*(1-Korting!$B$2)*Prijsmutaties!$D$9)) -> 1054.3518
B5: 140 | C5: =(('RollBasic (2)'!C5/(1+Korting!$B$3)*(1-Korting!$B$2)*Prijsmutaties!$D$9)) -> 605.88936 | D5: =(('RollBasic (2)'!D5/(1+Korting!$B$3)*(1-Korting!$B$2)*Prijsmutaties!$D$9)) -> 641.80319 | E5: =(('RollBasic (2)'!E5/(1+Korting!$B$3)*(1-Korting!$B$2)*Prijsmutaties!$D$9)) -> 675.87529 | F5: =(('RollBasic (2)'!F5/(1+Korting!$B$3)*(1-Korting!$B$2)*Prijsmutaties!$D$9)) -> 711.78912 | G5: =(('RollBasic (2)'!G5/(1+Korting!$B$3)*(1-Korting!$B$2)*Prijsmutaties!$D$9)) -> 743.09861 | H5: =(('RollBasic (2)'!H5/(1+Korting!$B$3)*(1-Korting!$B$2)*Prijsmutaties!$D$9)) -> 776.24984 | I5: =(('RollBasic (2)'!I5/(1+Korting!$B$3)*(1-Korting!$B$2)*Prijsmutaties!$D$9)) -> 820.45149 | J5: =(('RollBasic (2)'!J5/(1+Korting!$B$3)*(1-Korting!$B$2)*Prijsmutaties!$D$9)) -> 837.94797 | ... R5: =(('RollBasic (2)'!R5/(1+Korting!$B$3)*(1-Korting!$B$2)*Prijsmutaties!$D$9)) -> 1121.5752
B6: 160 | C6: =(('RollBasic (2)'!C6/(1+Korting!$B$3)*(1-Korting!$B$2)*Prijsmutaties!$D$9)) -> 631.67365 | D6: =(('RollBasic (2)'!D6/(1+Korting!$B$3)*(1-Korting!$B$2)*Prijsmutaties!$D$9)) -> 669.42921 | E6: =(('RollBasic (2)'!E6/(1+Korting!$B$3)*(1-Korting!$B$2)*Prijsmutaties!$D$9)) -> 707.18478 | F6: =(('RollBasic (2)'!F6/(1+Korting!$B$3)*(1-Korting!$B$2)*Prijsmutaties!$D$9)) -> 743.09861 | G6: =(('RollBasic (2)'!G6/(1+Korting!$B$3)*(1-Korting!$B$2)*Prijsmutaties!$D$9)) -> 779.01245 | H6: =(('RollBasic (2)'!H6/(1+Korting!$B$3)*(1-Korting!$B$2)*Prijsmutaties!$D$9)) -> 826.89756 | I6: =(('RollBasic (2)'!I6/(1+Korting!$B$3)*(1-Korting!$B$2)*Prijsmutaties!$D$9)) -> 844.39404 | J6: =(('RollBasic (2)'!J6/(1+Korting!$B$3)*(1-Korting!$B$2)*Prijsmutaties!$D$9)) -> 877.54527 | ... R6: =(('RollBasic (2)'!R6/(1+Korting!$B$3)*(1-Korting!$B$2)*Prijsmutaties!$D$9)) -> 1211.8202
